disp_client_id,disp_account_id,disp_type,
1,1,OWNER
2,2,OWNER
3,2,DISPONENT
4,3,OWNER
5,3,DISPONENT
6,4,OWNER
7,5,OWNER
8,6,OWNER
9,7,OWNER
10,8,OWNER
11,8,DISPONENT
12,9,OWNER
13,10,OWNER
14,11,OWNER
15,12,OWNER
16,12,DISPONENT
17,13,OWNER
18,13,DISPONENT
19,14,OWNER
20,15,OWNER
21,16,OWNER
22,17,OWNER
23,17,DISPONENT
24,18,OWNER
25,19,OWNER
26,20,OWNER
27,21,OWNER
28,22,OWNER
29,23,OWNER
30,24,OWNER
31,25,OWNER
32,26,OWNER
33,27,OWNER
36,29,OWNER
37,29,DISPONENT
38,30,OWNER
39,31,OWNER
40,32,OWNER
41,33,OWNER
42,34,OWNER
43,35,OWNER
44,36,OWNER
45,37,OWNER
46,38,OWNER
47,39,OWNER
48,40,OWNER
49,41,OWNER
50,42,OWNER
51,43,OWNER
52,44,OWNER
53,45,OWNER
55,47,OWNER
56,48,OWNER
57,48,DISPONENT
58,49,OWNER
59,50,OWNER
60,51,OWNER
61,52,OWNER
62,53,OWNER
63,54,OWNER
64,55,OWNER
65,56,OWNER
66,57,OWNER
67,58,OWNER
68,59,OWNER
70,61,OWNER
71,61,DISPONENT
72,62,OWNER
73,63,OWNER
74,63,DISPONENT
75,64,OWNER
76,65,OWNER
77,66,OWNER
78,67,OWNER
79,68,OWNER
80,69,OWNER
81,70,OWNER
82,70,DISPONENT
83,71,OWNER
84,71,DISPONENT
85,72,OWNER
86,72,DISPONENT
87,73,OWNER
89,75,OWNER
90,76,OWNER
91,77,OWNER
92,78,OWNER
93,79,OWNER
94,80,OWNER
95,80,DISPONENT
96,81,OWNER
97,82,OWNER
98,83,OWNER
99,83,DISPONENT
100,84,OWNER
101,85,OWNER
102,86,OWNER
103,86,DISPONENT
105,88,OWNER
106,89,OWNER
107,90,OWNER
108,91,OWNER
110,93,OWNER
112,95,OWNER
113,95,DISPONENT
114,96,OWNER
115,96,DISPONENT
116,97,OWNER
117,97,DISPONENT
118,98,OWNER
119,98,DISPONENT
120,99,OWNER
121,100,OWNER
122,101,OWNER
123,102,OWNER
124,103,OWNER
125,104,OWNER
126,104,DISPONENT
127,105,OWNER
128,106,OWNER
129,107,OWNER
130,108,OWNER
131,109,OWNER
132,110,OWNER
134,112,OWNER
135,112,DISPONENT
136,113,OWNER
137,114,OWNER
138,115,OWNER
139,116,OWNER
140,116,DISPONENT
141,117,OWNER
142,118,OWNER
143,119,OWNER
144,120,OWNER
145,121,OWNER
146,122,OWNER
147,123,OWNER
148,123,DISPONENT
149,124,OWNER
150,125,OWNER
151,126,OWNER
152,127,OWNER
153,128,OWNER
154,129,OWNER
155,129,DISPONENT
156,130,OWNER
157,131,OWNER
158,132,OWNER
159,132,DISPONENT
160,133,OWNER
161,134,OWNER
162,135,OWNER
163,136,OWNER
164,137,OWNER
165,138,OWNER
166,138,DISPONENT
167,139,OWNER
168,140,OWNER
169,141,OWNER
170,141,DISPONENT
171,142,OWNER
172,142,DISPONENT
173,143,OWNER
174,144,OWNER
175,145,OWNER
176,146,OWNER
178,148,OWNER
179,149,OWNER
180,150,OWNER
181,151,OWNER
182,151,DISPONENT
183,152,OWNER
184,152,DISPONENT
185,153,OWNER
186,154,OWNER
187,155,OWNER
188,156,OWNER
189,157,OWNER
190,158,OWNER
191,158,DISPONENT
192,159,OWNER
193,160,OWNER
194,161,OWNER
195,162,OWNER
196,162,DISPONENT
197,163,OWNER
198,164,OWNER
199,165,OWNER
200,165,DISPONENT
201,166,OWNER
202,167,OWNER
203,168,OWNER
204,168,DISPONENT
205,169,OWNER
206,170,OWNER
207,171,OWNER
208,172,OWNER
209,172,DISPONENT
210,173,OWNER
211,173,DISPONENT
212,174,OWNER
215,176,OWNER
216,177,OWNER
217,178,OWNER
218,179,OWNER
219,180,OWNER
221,181,OWNER
222,182,OWNER
223,183,OWNER
224,184,OWNER
225,185,OWNER
226,186,OWNER
227,187,OWNER
228,188,OWNER
229,189,OWNER
230,190,OWNER
231,191,OWNER
232,192,OWNER
233,193,OWNER
234,193,DISPONENT
235,194,OWNER
236,195,OWNER
237,195,DISPONENT
238,196,OWNER
239,197,OWNER
240,198,OWNER
241,199,OWNER
242,200,OWNER
243,201,OWNER
246,204,OWNER
247,205,OWNER
248,206,OWNER
249,206,DISPONENT
250,207,OWNER
251,208,OWNER
252,209,OWNER
253,210,OWNER
254,211,OWNER
255,212,OWNER
256,213,OWNER
257,214,OWNER
258,214,DISPONENT
259,215,OWNER
260,215,DISPONENT
261,216,OWNER
262,217,OWNER
263,218,OWNER
264,219,OWNER
265,220,OWNER
266,221,OWNER
267,222,OWNER
268,223,OWNER
269,224,OWNER
270,225,OWNER
271,225,DISPONENT
272,226,OWNER
273,227,OWNER
274,228,OWNER
275,229,OWNER
276,230,OWNER
277,230,DISPONENT
278,231,OWNER
279,231,DISPONENT
280,232,OWNER
282,234,OWNER
283,234,DISPONENT
284,235,OWNER
285,236,OWNER
286,236,DISPONENT
287,237,OWNER
288,238,OWNER
289,239,OWNER
290,240,OWNER
291,240,DISPONENT
292,241,OWNER
293,242,OWNER
294,243,OWNER
295,244,OWNER
296,245,OWNER
297,246,OWNER
298,246,DISPONENT
300,248,OWNER
301,249,OWNER
302,250,OWNER
303,251,OWNER
304,252,OWNER
305,253,OWNER
308,255,OWNER
309,256,OWNER
310,257,OWNER
311,258,OWNER
312,259,OWNER
313,260,OWNER
314,260,DISPONENT
315,261,OWNER
316,262,OWNER
317,263,OWNER
318,264,OWNER
319,265,OWNER
320,265,DISPONENT
321,266,OWNER
322,267,OWNER
323,267,DISPONENT
324,268,OWNER
325,269,OWNER
326,270,OWNER
327,270,DISPONENT
328,271,OWNER
329,272,OWNER
330,273,OWNER
331,274,OWNER
332,275,OWNER
333,276,OWNER
334,277,OWNER
335,278,OWNER
336,279,OWNER
337,279,DISPONENT
338,280,OWNER
339,281,OWNER
340,281,DISPONENT
341,282,OWNER
342,282,DISPONENT
343,283,OWNER
344,284,OWNER
345,285,OWNER
346,285,DISPONENT
347,286,OWNER
348,286,DISPONENT
349,287,OWNER
350,288,OWNER
351,289,OWNER
352,290,OWNER
353,291,OWNER
354,292,OWNER
355,292,DISPONENT
356,293,OWNER
357,293,DISPONENT
358,294,OWNER
359,295,OWNER
360,296,OWNER
361,297,OWNER
362,298,OWNER
363,298,DISPONENT
364,299,OWNER
365,300,OWNER
366,300,DISPONENT
367,301,OWNER
368,301,DISPONENT
369,302,OWNER
370,303,OWNER
371,304,OWNER
372,305,OWNER
373,306,OWNER
374,307,OWNER
375,308,OWNER
376,309,OWNER
378,311,OWNER
379,311,DISPONENT
380,312,OWNER
381,313,OWNER
382,313,DISPONENT
383,314,OWNER
384,314,DISPONENT
385,315,OWNER
386,316,OWNER
387,317,OWNER
388,318,OWNER
389,319,OWNER
390,320,OWNER
391,321,OWNER
392,322,OWNER
393,322,DISPONENT
394,323,OWNER
395,323,DISPONENT
396,324,OWNER
397,325,OWNER
398,326,OWNER
399,327,OWNER
400,328,OWNER
401,328,DISPONENT
402,329,OWNER
403,330,OWNER
404,330,DISPONENT
405,331,OWNER
406,332,OWNER
407,333,OWNER
408,334,OWNER
409,335,OWNER
410,336,OWNER
411,337,OWNER
412,337,DISPONENT
413,338,OWNER
414,339,OWNER
415,339,DISPONENT
416,340,OWNER
417,340,DISPONENT
418,341,OWNER
419,342,OWNER
420,343,OWNER
421,344,OWNER
422,345,OWNER
423,346,OWNER
424,347,OWNER
425,348,OWNER
426,349,OWNER
427,349,DISPONENT
428,350,OWNER
429,351,OWNER
430,352,OWNER
431,353,OWNER
432,354,OWNER
433,355,OWNER
434,356,OWNER
435,357,OWNER
436,358,OWNER
437,359,OWNER
438,360,OWNER
439,361,OWNER
440,362,OWNER
441,363,OWNER
442,364,OWNER
443,364,DISPONENT
444,365,OWNER
445,366,OWNER
446,366,DISPONENT
447,367,OWNER
448,368,OWNER
450,370,OWNER
451,371,OWNER
452,372,OWNER
453,373,OWNER
454,374,OWNER
455,375,OWNER
456,376,OWNER
457,377,OWNER
458,378,OWNER
459,379,OWNER
461,381,OWNER
462,382,OWNER
463,383,OWNER
464,384,OWNER
465,385,OWNER
466,386,OWNER
467,386,DISPONENT
468,387,OWNER
469,388,OWNER
470,389,OWNER
471,390,OWNER
472,391,OWNER
473,392,OWNER
474,393,OWNER
476,395,OWNER
477,395,DISPONENT
478,396,OWNER
479,397,OWNER
480,397,DISPONENT
481,398,OWNER
482,398,DISPONENT
483,399,OWNER
484,400,OWNER
485,401,OWNER
486,402,OWNER
487,403,OWNER
488,403,DISPONENT
489,404,OWNER
490,405,OWNER
491,406,OWNER
492,407,OWNER
493,408,OWNER
494,409,OWNER
495,410,OWNER
496,411,OWNER
497,412,OWNER
498,412,DISPONENT
499,413,OWNER
500,414,OWNER
501,415,OWNER
502,416,OWNER
503,417,OWNER
504,418,OWNER
505,419,OWNER
506,420,OWNER
507,421,OWNER
508,422,OWNER
509,423,OWNER
510,424,OWNER
511,425,OWNER
512,426,OWNER
513,427,OWNER
514,427,DISPONENT
515,428,OWNER
516,428,DISPONENT
517,429,OWNER
518,430,OWNER
519,431,OWNER
520,432,OWNER
521,433,OWNER
522,434,OWNER
523,435,OWNER
524,436,OWNER
525,436,DISPONENT
526,437,OWNER
527,437,DISPONENT
528,438,OWNER
529,439,OWNER
530,440,OWNER
531,441,OWNER
532,441,DISPONENT
533,442,OWNER
534,443,OWNER
535,444,OWNER
536,445,OWNER
537,446,OWNER
538,447,OWNER
540,449,OWNER
541,449,DISPONENT
542,450,OWNER
543,451,OWNER
544,452,OWNER
545,453,OWNER
546,454,OWNER
547,455,OWNER
548,456,OWNER
550,458,OWNER
551,459,OWNER
552,460,OWNER
553,460,DISPONENT
554,461,OWNER
555,461,DISPONENT
556,462,OWNER
557,463,OWNER
558,464,OWNER
559,465,OWNER
560,466,OWNER
561,467,OWNER
562,468,OWNER
563,469,OWNER
564,469,DISPONENT
565,470,OWNER
566,471,OWNER
567,471,DISPONENT
568,472,OWNER
569,473,OWNER
570,474,OWNER
571,475,OWNER
572,475,DISPONENT
573,476,OWNER
574,477,OWNER
575,478,OWNER
576,478,DISPONENT
577,479,OWNER
578,480,OWNER
579,481,OWNER
581,483,OWNER
582,484,OWNER
583,485,OWNER
584,486,OWNER
585,487,OWNER
586,487,DISPONENT
587,488,OWNER
588,489,OWNER
589,490,OWNER
590,491,OWNER
591,492,OWNER
592,493,OWNER
593,494,OWNER
596,496,OWNER
597,497,OWNER
598,498,OWNER
599,498,DISPONENT
601,500,OWNER
602,500,DISPONENT
603,501,OWNER
604,502,OWNER
605,503,OWNER
606,504,OWNER
607,505,OWNER
608,506,OWNER
609,507,OWNER
610,508,OWNER
611,509,OWNER
612,509,DISPONENT
613,510,OWNER
614,511,OWNER
615,512,OWNER
616,513,OWNER
617,514,OWNER
618,515,OWNER
619,516,OWNER
620,516,DISPONENT
621,517,OWNER
622,518,OWNER
623,519,OWNER
624,519,DISPONENT
625,520,OWNER
626,521,OWNER
627,522,OWNER
628,522,DISPONENT
629,523,OWNER
630,524,OWNER
631,525,OWNER
632,526,OWNER
633,526,DISPONENT
635,528,OWNER
636,528,DISPONENT
637,529,OWNER
638,530,OWNER
639,531,OWNER
640,532,OWNER
641,533,OWNER
642,533,DISPONENT
643,534,OWNER
644,535,OWNER
645,536,OWNER
646,537,OWNER
647,537,DISPONENT
648,538,OWNER
649,539,OWNER
651,540,OWNER
652,541,OWNER
653,542,OWNER
654,543,OWNER
655,544,OWNER
656,545,OWNER
657,546,OWNER
658,546,DISPONENT
659,547,OWNER
660,548,OWNER
661,548,DISPONENT
662,549,OWNER
663,550,OWNER
664,551,OWNER
665,552,OWNER
666,553,OWNER
667,554,OWNER
668,555,OWNER
669,556,OWNER
670,557,OWNER
671,558,OWNER
672,559,OWNER
673,560,OWNER
674,561,OWNER
675,562,OWNER
676,563,OWNER
677,564,OWNER
678,565,OWNER
679,566,OWNER
680,566,DISPONENT
681,567,OWNER
682,568,OWNER
683,569,OWNER
684,570,OWNER
685,571,OWNER
686,572,OWNER
687,572,DISPONENT
688,573,OWNER
689,574,OWNER
690,575,OWNER
691,575,DISPONENT
692,576,OWNER
693,576,DISPONENT
694,577,OWNER
695,578,OWNER
696,578,DISPONENT
697,579,OWNER
698,580,OWNER
699,581,OWNER
700,582,OWNER
702,584,OWNER
703,585,OWNER
704,586,OWNER
705,587,OWNER
706,588,OWNER
707,589,OWNER
708,590,OWNER
709,591,OWNER
710,592,OWNER
711,593,OWNER
712,594,OWNER
713,595,OWNER
714,596,OWNER
715,597,OWNER
716,598,OWNER
717,599,OWNER
718,599,DISPONENT
719,600,OWNER
720,601,OWNER
721,602,OWNER
722,603,OWNER
723,604,OWNER
724,605,OWNER
725,606,OWNER
726,607,OWNER
727,608,OWNER
728,608,DISPONENT
729,609,OWNER
730,609,DISPONENT
731,610,OWNER
732,610,DISPONENT
733,611,OWNER
734,611,DISPONENT
735,612,OWNER
736,612,DISPONENT
737,613,OWNER
738,614,OWNER
739,615,OWNER
740,616,OWNER
741,617,OWNER
742,618,OWNER
743,619,OWNER
744,620,OWNER
745,621,OWNER
746,621,DISPONENT
747,622,OWNER
748,623,OWNER
749,623,DISPONENT
750,624,OWNER
751,625,OWNER
752,626,OWNER
753,626,DISPONENT
754,627,OWNER
755,628,OWNER
756,629,OWNER
757,630,OWNER
758,631,OWNER
759,632,OWNER
760,633,OWNER
762,635,OWNER
763,636,OWNER
764,637,OWNER
765,638,OWNER
766,639,OWNER
767,639,DISPONENT
768,640,OWNER
769,641,OWNER
772,643,OWNER
773,644,OWNER
774,645,OWNER
775,646,OWNER
776,647,OWNER
777,647,DISPONENT
778,648,OWNER
779,649,OWNER
780,650,OWNER
781,651,OWNER
782,652,OWNER
783,653,OWNER
784,653,DISPONENT
785,654,OWNER
786,655,OWNER
787,656,OWNER
788,657,OWNER
789,658,OWNER
790,659,OWNER
791,660,OWNER
793,662,OWNER
794,662,DISPONENT
796,664,OWNER
797,665,OWNER
798,666,OWNER
799,666,DISPONENT
803,669,OWNER
804,669,DISPONENT
806,671,OWNER
807,672,OWNER
808,673,OWNER
809,674,OWNER
810,675,OWNER
811,675,DISPONENT
812,676,OWNER
813,677,OWNER
814,678,OWNER
815,679,OWNER
816,680,OWNER
818,682,OWNER
819,683,OWNER
820,683,DISPONENT
821,684,OWNER
822,685,OWNER
823,686,OWNER
824,687,OWNER
825,688,OWNER
826,689,OWNER
827,690,OWNER
828,690,DISPONENT
829,691,OWNER
830,692,OWNER
831,693,OWNER
832,694,OWNER
833,695,OWNER
834,696,OWNER
835,697,OWNER
836,697,DISPONENT
837,698,OWNER
838,698,DISPONENT
839,699,OWNER
840,700,OWNER
841,701,OWNER
842,702,OWNER
843,703,OWNER
844,704,OWNER
845,704,DISPONENT
846,705,OWNER
847,706,OWNER
849,708,OWNER
850,709,OWNER
851,710,OWNER
852,710,DISPONENT
853,711,OWNER
854,712,OWNER
855,713,OWNER
856,714,OWNER
857,715,OWNER
858,716,OWNER
859,717,OWNER
860,717,DISPONENT
861,718,OWNER
862,719,OWNER
863,720,OWNER
864,721,OWNER
865,721,DISPONENT
866,722,OWNER
870,725,OWNER
871,726,OWNER
872,727,OWNER
873,728,OWNER
874,729,OWNER
875,729,DISPONENT
876,730,OWNER
877,731,OWNER
878,731,DISPONENT
879,732,OWNER
880,733,OWNER
881,734,OWNER
882,735,OWNER
883,736,OWNER
884,736,DISPONENT
885,737,OWNER
886,738,OWNER
887,739,OWNER
888,740,OWNER
889,741,OWNER
890,742,OWNER
891,743,OWNER
892,744,OWNER
893,745,OWNER
894,746,OWNER
895,747,OWNER
896,748,OWNER
897,748,DISPONENT
898,749,OWNER
899,749,DISPONENT
900,750,OWNER
901,751,OWNER
902,752,OWNER
903,753,OWNER
904,754,OWNER
905,755,OWNER
906,756,OWNER
907,757,OWNER
908,758,OWNER
909,759,OWNER
910,760,OWNER
911,761,OWNER
912,762,OWNER
913,763,OWNER
914,764,OWNER
915,765,OWNER
916,766,OWNER
917,767,OWNER
918,768,OWNER
921,770,OWNER
922,771,OWNER
923,771,DISPONENT
924,772,OWNER
925,773,OWNER
926,774,OWNER
927,775,OWNER
928,776,OWNER
929,777,OWNER
930,778,OWNER
931,779,OWNER
932,780,OWNER
933,781,OWNER
934,781,DISPONENT
935,782,OWNER
936,782,DISPONENT
937,783,OWNER
938,784,OWNER
939,785,OWNER
940,786,OWNER
941,787,OWNER
942,788,OWNER
943,788,DISPONENT
944,789,OWNER
945,789,DISPONENT
946,790,OWNER
948,791,OWNER
949,792,OWNER
950,793,OWNER
951,793,DISPONENT
952,794,OWNER
953,795,OWNER
954,796,OWNER
955,797,OWNER
956,798,OWNER
957,799,OWNER
958,799,DISPONENT
959,800,OWNER
960,801,OWNER
961,802,OWNER
962,803,OWNER
963,804,OWNER
964,805,OWNER
965,806,OWNER
966,806,DISPONENT
967,807,OWNER
968,808,OWNER
970,809,OWNER
971,810,OWNER
972,810,DISPONENT
973,811,OWNER
974,811,DISPONENT
975,812,OWNER
976,813,OWNER
977,814,OWNER
978,815,OWNER
979,815,DISPONENT
980,816,OWNER
981,817,OWNER
984,819,OWNER
985,819,DISPONENT
986,820,OWNER
987,821,OWNER
988,822,OWNER
989,822,DISPONENT
990,823,OWNER
991,824,OWNER
992,825,OWNER
993,826,OWNER
994,827,OWNER
995,827,DISPONENT
996,828,OWNER
997,829,OWNER
998,829,DISPONENT
999,830,OWNER
1000,830,DISPONENT
1001,831,OWNER
1002,832,OWNER
1003,833,OWNER
1004,834,OWNER
1006,836,OWNER
1007,836,DISPONENT
1008,837,OWNER
1009,838,OWNER
1010,838,DISPONENT
1011,839,OWNER
1012,840,OWNER
1013,840,DISPONENT
1014,841,OWNER
1015,842,OWNER
1016,842,DISPONENT
1017,843,OWNER
1018,844,OWNER
1019,845,OWNER
1020,846,OWNER
1021,847,OWNER
1022,848,OWNER
1023,849,OWNER
1024,850,OWNER
1025,851,OWNER
1026,852,OWNER
1027,853,OWNER
1028,853,DISPONENT
1029,854,OWNER
1030,855,OWNER
1031,856,OWNER
1032,857,OWNER
1033,857,DISPONENT
1034,858,OWNER
1035,859,OWNER
1036,859,DISPONENT
1037,860,OWNER
1038,861,OWNER
1039,862,OWNER
1040,863,OWNER
1041,864,OWNER
1042,865,OWNER
1043,865,DISPONENT
1044,866,OWNER
1045,867,OWNER
1046,868,OWNER
1047,869,OWNER
1048,870,OWNER
1049,871,OWNER
1050,872,OWNER
1051,873,OWNER
1052,874,OWNER
1053,874,DISPONENT
1054,875,OWNER
1055,876,OWNER
1056,877,OWNER
1057,878,OWNER
1058,879,OWNER
1059,880,OWNER
1060,880,DISPONENT
1062,882,OWNER
1063,882,DISPONENT
1064,883,OWNER
1065,884,OWNER
1066,885,OWNER
1067,886,OWNER
1068,887,OWNER
1069,888,OWNER
1070,888,DISPONENT
1071,889,OWNER
1072,890,OWNER
1073,891,OWNER
1074,891,DISPONENT
1075,892,OWNER
1076,893,OWNER
1077,894,OWNER
1078,895,OWNER
1079,896,OWNER
1080,897,OWNER
1081,898,OWNER
1082,899,OWNER
1083,900,OWNER
1084,900,DISPONENT
1085,901,OWNER
1086,902,OWNER
1087,902,DISPONENT
1088,903,OWNER
1089,904,OWNER
1090,905,OWNER
1091,906,OWNER
1092,907,OWNER
1093,908,OWNER
1094,909,OWNER
1095,909,DISPONENT
1096,910,OWNER
1097,910,DISPONENT
1098,911,OWNER
1099,912,OWNER
1100,913,OWNER
1101,914,OWNER
1102,915,OWNER
1103,916,OWNER
1104,916,DISPONENT
1105,917,OWNER
1106,917,DISPONENT
1107,918,OWNER
1108,919,OWNER
1109,920,OWNER
1110,921,OWNER
1111,922,OWNER
1112,923,OWNER
1113,924,OWNER
1114,925,OWNER
1115,926,OWNER
1116,927,OWNER
1117,928,OWNER
1118,928,DISPONENT
1119,929,OWNER
1120,930,OWNER
1121,931,OWNER
1122,932,OWNER
1123,932,DISPONENT
1124,933,OWNER
1125,934,OWNER
1126,934,DISPONENT
1127,935,OWNER
1128,936,OWNER
1129,937,OWNER
1130,938,OWNER
1131,939,OWNER
1132,939,DISPONENT
1133,940,OWNER
1134,940,DISPONENT
1135,941,OWNER
1136,942,OWNER
1137,943,OWNER
1138,944,OWNER
1139,944,DISPONENT
1140,945,OWNER
1141,946,OWNER
1142,947,OWNER
1143,947,DISPONENT
1145,949,OWNER
1146,950,OWNER
1147,951,OWNER
1148,952,OWNER
1149,953,OWNER
1150,954,OWNER
1151,955,OWNER
1152,956,OWNER
1153,957,OWNER
1154,958,OWNER
1155,958,DISPONENT
1156,959,OWNER
1157,960,OWNER
1158,961,OWNER
1159,962,OWNER
1160,962,DISPONENT
1161,963,OWNER
1162,964,OWNER
1163,965,OWNER
1164,966,OWNER
1165,967,OWNER
1166,968,OWNER
1167,968,DISPONENT
1168,969,OWNER
1169,970,OWNER
1170,971,OWNER
1171,972,OWNER
1172,973,OWNER
1173,973,DISPONENT
1174,974,OWNER
1175,975,OWNER
1176,975,DISPONENT
1177,976,OWNER
1178,977,OWNER
1179,978,OWNER
1180,979,OWNER
1181,980,OWNER
1182,981,OWNER
1183,982,OWNER
1186,984,OWNER
1187,985,OWNER
1188,985,DISPONENT
1189,986,OWNER
1190,987,OWNER
1191,987,DISPONENT
1192,988,OWNER
1193,989,OWNER
1194,990,OWNER
1195,991,OWNER
1196,992,OWNER
1197,993,OWNER
1198,994,OWNER
1199,995,OWNER
1200,996,OWNER
1201,997,OWNER
1202,998,OWNER
1204,1000,OWNER
1206,1002,OWNER
1207,1003,OWNER
1208,1004,OWNER
1209,1005,OWNER
1210,1006,OWNER
1211,1007,OWNER
1212,1008,OWNER
1213,1009,OWNER
1214,1010,OWNER
1215,1011,OWNER
1216,1012,OWNER
1217,1013,OWNER
1218,1014,OWNER
1219,1015,OWNER
1220,1016,OWNER
1221,1017,OWNER
1222,1018,OWNER
1223,1019,OWNER
1224,1020,OWNER
1225,1021,OWNER
1226,1022,OWNER
1227,1022,DISPONENT
1228,1023,OWNER
1229,1024,OWNER
1231,1026,OWNER
1232,1026,DISPONENT
1233,1027,OWNER
1234,1028,OWNER
1235,1028,DISPONENT
1236,1029,OWNER
1237,1030,OWNER
1238,1031,OWNER
1239,1032,OWNER
1240,1033,OWNER
1241,1034,OWNER
1242,1035,OWNER
1243,1036,OWNER
1244,1037,OWNER
1245,1038,OWNER
1246,1039,OWNER
1247,1039,DISPONENT
1248,1040,OWNER
1250,1042,OWNER
1251,1043,OWNER
1252,1043,DISPONENT
1253,1044,OWNER
1254,1045,OWNER
1255,1046,OWNER
1256,1047,OWNER
1257,1048,OWNER
1258,1048,DISPONENT
1259,1049,OWNER
1260,1050,OWNER
1261,1050,DISPONENT
1262,1051,OWNER
1263,1051,DISPONENT
1264,1052,OWNER
1265,1053,OWNER
1266,1054,OWNER
1267,1055,OWNER
1268,1055,DISPONENT
1269,1056,OWNER
1270,1057,OWNER
1271,1058,OWNER
1272,1059,OWNER
1273,1060,OWNER
1274,1061,OWNER
1275,1062,OWNER
1276,1063,OWNER
1277,1064,OWNER
1278,1065,OWNER
1279,1066,OWNER
1280,1067,OWNER
1281,1067,DISPONENT
1282,1068,OWNER
1283,1069,OWNER
1284,1069,DISPONENT
1285,1070,OWNER
1286,1071,OWNER
1287,1072,OWNER
1288,1073,OWNER
1289,1074,OWNER
1290,1075,OWNER
1291,1076,OWNER
1292,1077,OWNER
1293,1078,OWNER
1294,1078,DISPONENT
1295,1079,OWNER
1296,1080,OWNER
1297,1081,OWNER
1298,1081,DISPONENT
1299,1082,OWNER
1300,1083,OWNER
1303,1085,OWNER
1304,1086,OWNER
1305,1087,OWNER
1306,1088,OWNER
1307,1089,OWNER
1308,1090,OWNER
1309,1091,OWNER
1310,1092,OWNER
1311,1093,OWNER
1312,1094,OWNER
1313,1095,OWNER
1314,1095,DISPONENT
1315,1096,OWNER
1316,1097,OWNER
1317,1097,DISPONENT
1318,1098,OWNER
1321,1100,OWNER
1322,1101,OWNER
1323,1102,OWNER
1324,1103,OWNER
1325,1104,OWNER
1326,1105,OWNER
1327,1106,OWNER
1328,1107,OWNER
1329,1108,OWNER
1330,1109,OWNER
1331,1110,OWNER
1332,1111,OWNER
1333,1112,OWNER
1334,1113,OWNER
1335,1114,OWNER
1336,1114,DISPONENT
1337,1115,OWNER
1338,1115,DISPONENT
1339,1116,OWNER
1340,1117,OWNER
1341,1118,OWNER
1343,1120,OWNER
1344,1120,DISPONENT
1345,1121,OWNER
1346,1122,OWNER
1347,1123,OWNER
1348,1123,DISPONENT
1349,1124,OWNER
1350,1125,OWNER
1351,1125,DISPONENT
1352,1126,OWNER
1353,1127,OWNER
1354,1128,OWNER
1355,1129,OWNER
1356,1130,OWNER
1359,1132,OWNER
1360,1132,DISPONENT
1361,1133,OWNER
1362,1133,DISPONENT
1363,1134,OWNER
1364,1135,OWNER
1365,1135,DISPONENT
1366,1136,OWNER
1367,1137,OWNER
1368,1137,DISPONENT
1369,1138,OWNER
1370,1139,OWNER
1371,1140,OWNER
1372,1141,OWNER
1373,1142,OWNER
1375,1144,OWNER
1376,1145,OWNER
1377,1145,DISPONENT
1378,1146,OWNER
1379,1146,DISPONENT
1380,1147,OWNER
1382,1149,OWNER
1383,1150,OWNER
1384,1151,OWNER
1385,1152,OWNER
1386,1152,DISPONENT
1387,1153,OWNER
1388,1154,OWNER
1389,1155,OWNER
1390,1156,OWNER
1391,1157,OWNER
1392,1158,OWNER
1393,1158,DISPONENT
1394,1159,OWNER
1395,1159,DISPONENT
1396,1160,OWNER
1397,1161,OWNER
1401,1164,OWNER
1402,1165,OWNER
1403,1165,DISPONENT
1404,1166,OWNER
1406,1168,OWNER
1407,1168,DISPONENT
1408,1169,OWNER
1409,1170,OWNER
1410,1171,OWNER
1411,1171,DISPONENT
1412,1172,OWNER
1413,1173,OWNER
1414,1174,OWNER
1416,1176,OWNER
1417,1177,OWNER
1418,1178,OWNER
1419,1179,OWNER
1420,1179,DISPONENT
1421,1180,OWNER
1422,1181,OWNER
1423,1181,DISPONENT
1424,1182,OWNER
1425,1183,OWNER
1426,1183,DISPONENT
1427,1184,OWNER
1428,1185,OWNER
1429,1185,DISPONENT
1430,1186,OWNER
1431,1187,OWNER
1432,1188,OWNER
1433,1189,OWNER
1434,1189,DISPONENT
1435,1190,OWNER
1438,1192,OWNER
1439,1193,OWNER
1440,1194,OWNER
1441,1195,OWNER
1442,1195,DISPONENT
1443,1196,OWNER
1444,1196,DISPONENT
1445,1197,OWNER
1446,1198,OWNER
1447,1198,DISPONENT
1448,1199,OWNER
1449,1200,OWNER
1450,1201,OWNER
1452,1203,OWNER
1453,1204,OWNER
1454,1205,OWNER
1455,1205,DISPONENT
1456,1206,OWNER
1457,1206,DISPONENT
1458,1207,OWNER
1459,1208,OWNER
1460,1209,OWNER
1461,1210,OWNER
1462,1211,OWNER
1463,1212,OWNER
1464,1213,OWNER
1465,1213,DISPONENT
1466,1214,OWNER
1467,1215,OWNER
1468,1216,OWNER
1469,1217,OWNER
1470,1218,OWNER
1471,1218,DISPONENT
1472,1219,OWNER
1473,1220,OWNER
1474,1221,OWNER
1475,1222,OWNER
1476,1223,OWNER
1478,1225,OWNER
1479,1226,OWNER
1480,1227,OWNER
1481,1228,OWNER
1482,1229,OWNER
1483,1230,OWNER
1484,1230,DISPONENT
1485,1231,OWNER
1486,1231,DISPONENT
1487,1232,OWNER
1488,1233,OWNER
1489,1234,OWNER
1490,1235,OWNER
1491,1236,OWNER
1492,1237,OWNER
1493,1238,OWNER
1494,1238,DISPONENT
1495,1239,OWNER
1496,1240,OWNER
1497,1241,OWNER
1498,1241,DISPONENT
1499,1242,OWNER
1500,1243,OWNER
1501,1244,OWNER
1502,1245,OWNER
1503,1246,OWNER
1504,1246,DISPONENT
1505,1247,OWNER
1506,1248,OWNER
1507,1248,DISPONENT
1508,1249,OWNER
1509,1250,OWNER
1510,1251,OWNER
1511,1252,OWNER
1512,1253,OWNER
1513,1254,OWNER
1514,1255,OWNER
1516,1256,OWNER
1517,1257,OWNER
1518,1258,OWNER
1519,1258,DISPONENT
1520,1259,OWNER
1521,1260,OWNER
1522,1261,OWNER
1523,1262,OWNER
1524,1263,OWNER
1525,1264,OWNER
1526,1264,DISPONENT
1527,1265,OWNER
1528,1266,OWNER
1529,1267,OWNER
1530,1268,OWNER
1531,1269,OWNER
1532,1269,DISPONENT
1533,1270,OWNER
1534,1271,OWNER
1535,1272,OWNER
1536,1273,OWNER
1537,1274,OWNER
1539,1275,OWNER
1540,1276,OWNER
1541,1276,DISPONENT
1542,1277,OWNER
1543,1277,DISPONENT
1546,1279,OWNER
1547,1279,DISPONENT
1548,1280,OWNER
1549,1280,DISPONENT
1550,1281,OWNER
1554,1284,OWNER
1555,1285,OWNER
1556,1286,OWNER
1557,1287,OWNER
1558,1288,OWNER
1559,1289,OWNER
1561,1291,OWNER
1562,1291,DISPONENT
1563,1292,OWNER
1564,1293,OWNER
1565,1294,OWNER
1566,1295,OWNER
1567,1296,OWNER
1568,1296,DISPONENT
1569,1297,OWNER
1570,1297,DISPONENT
1571,1298,OWNER
1572,1299,OWNER
1574,1301,OWNER
1575,1302,OWNER
1576,1302,DISPONENT
1577,1303,OWNER
1578,1304,OWNER
1579,1305,OWNER
1580,1306,OWNER
1581,1307,OWNER
1582,1308,OWNER
1583,1309,OWNER
1584,1310,OWNER
1585,1311,OWNER
1586,1311,DISPONENT
1587,1312,OWNER
1588,1313,OWNER
1589,1314,OWNER
1590,1315,OWNER
1591,1316,OWNER
1592,1317,OWNER
1593,1317,DISPONENT
1594,1318,OWNER
1595,1319,OWNER
1596,1320,OWNER
1597,1321,OWNER
1598,1322,OWNER
1599,1323,OWNER
1600,1323,DISPONENT
1601,1324,OWNER
1602,1324,DISPONENT
1603,1325,OWNER
1604,1325,DISPONENT
1605,1326,OWNER
1606,1327,OWNER
1607,1328,OWNER
1608,1329,OWNER
1609,1329,DISPONENT
1610,1330,OWNER
1611,1331,OWNER
1612,1331,DISPONENT
1613,1332,OWNER
1614,1333,OWNER
1615,1334,OWNER
1616,1335,OWNER
1617,1336,OWNER
1618,1337,OWNER
1619,1338,OWNER
1620,1338,DISPONENT
1621,1339,OWNER
1622,1340,OWNER
1623,1341,OWNER
1624,1342,OWNER
1625,1342,DISPONENT
1628,1344,OWNER
1629,1345,OWNER
1630,1345,DISPONENT
1631,1346,OWNER
1632,1347,OWNER
1633,1348,OWNER
1634,1348,DISPONENT
1635,1349,OWNER
1636,1349,DISPONENT
1637,1350,OWNER
1638,1351,OWNER
1639,1352,OWNER
1640,1353,OWNER
1641,1354,OWNER
1642,1355,OWNER
1643,1356,OWNER
1644,1357,OWNER
1645,1358,OWNER
1646,1359,OWNER
1647,1360,OWNER
1648,1361,OWNER
1649,1361,DISPONENT
1650,1362,OWNER
1651,1363,OWNER
1653,1365,OWNER
1654,1366,OWNER
1655,1367,OWNER
1656,1368,OWNER
1657,1369,OWNER
1658,1370,OWNER
1659,1371,OWNER
1660,1372,OWNER
1661,1373,OWNER
1662,1374,OWNER
1663,1375,OWNER
1664,1376,OWNER
1665,1376,DISPONENT
1666,1377,OWNER
1667,1377,DISPONENT
1668,1378,OWNER
1669,1379,OWNER
1670,1380,OWNER
1671,1381,OWNER
1672,1381,DISPONENT
1673,1382,OWNER
1674,1383,OWNER
1675,1384,OWNER
1676,1385,OWNER
1677,1385,DISPONENT
1679,1387,OWNER
1680,1388,OWNER
1681,1389,OWNER
1682,1390,OWNER
1683,1391,OWNER
1684,1391,DISPONENT
1685,1392,OWNER
1686,1393,OWNER
1687,1393,DISPONENT
1688,1394,OWNER
1689,1395,OWNER
1690,1396,OWNER
1691,1397,OWNER
1692,1398,OWNER
1693,1399,OWNER
1694,1399,DISPONENT
1696,1401,OWNER
1697,1402,OWNER
1698,1402,DISPONENT
1699,1403,OWNER
1700,1404,OWNER
1701,1404,DISPONENT
1702,1405,OWNER
1703,1406,OWNER
1704,1406,DISPONENT
1705,1407,OWNER
1706,1407,DISPONENT
1707,1408,OWNER
1709,1410,OWNER
1710,1411,OWNER
1711,1412,OWNER
1712,1412,DISPONENT
1713,1413,OWNER
1714,1414,OWNER
1717,1416,OWNER
1718,1417,OWNER
1719,1418,OWNER
1720,1419,OWNER
1721,1419,DISPONENT
1722,1420,OWNER
1723,1421,OWNER
1724,1422,OWNER
1725,1423,OWNER
1726,1423,DISPONENT
1727,1424,OWNER
1728,1424,DISPONENT
1729,1425,OWNER
1730,1426,OWNER
1731,1427,OWNER
1733,1429,OWNER
1734,1430,OWNER
1735,1430,DISPONENT
1736,1431,OWNER
1737,1432,OWNER
1738,1432,DISPONENT
1741,1434,OWNER
1742,1435,OWNER
1743,1436,OWNER
1744,1437,OWNER
1745,1438,OWNER
1746,1439,OWNER
1747,1439,DISPONENT
1748,1440,OWNER
1749,1441,OWNER
1750,1442,OWNER
1751,1443,OWNER
1752,1444,OWNER
1753,1445,OWNER
1754,1446,OWNER
1755,1447,OWNER
1756,1448,OWNER
1757,1448,DISPONENT
1758,1449,OWNER
1759,1450,OWNER
1760,1451,OWNER
1761,1452,OWNER
1762,1453,OWNER
1763,1454,OWNER
1764,1455,OWNER
1765,1456,OWNER
1768,1458,OWNER
1769,1459,OWNER
1770,1459,DISPONENT
1771,1460,OWNER
1772,1461,OWNER
1774,1463,OWNER
1775,1464,OWNER
1776,1465,OWNER
1777,1466,OWNER
1778,1466,DISPONENT
1779,1467,OWNER
1780,1468,OWNER
1781,1469,OWNER
1782,1470,OWNER
1783,1471,OWNER
1784,1472,OWNER
1785,1473,OWNER
1786,1474,OWNER
1787,1474,DISPONENT
1788,1475,OWNER
1789,1476,OWNER
1790,1477,OWNER
1791,1478,OWNER
1792,1479,OWNER
1793,1480,OWNER
1794,1481,OWNER
1795,1482,OWNER
1796,1483,OWNER
1797,1483,DISPONENT
1798,1484,OWNER
1799,1485,OWNER
1800,1486,OWNER
1801,1487,OWNER
1802,1487,DISPONENT
1803,1488,OWNER
1806,1490,OWNER
1807,1491,OWNER
1808,1491,DISPONENT
1809,1492,OWNER
1810,1493,OWNER
1811,1494,OWNER
1812,1495,OWNER
1813,1495,DISPONENT
1814,1496,OWNER
1815,1497,OWNER
1816,1498,OWNER
1817,1499,OWNER
1818,1499,DISPONENT
1819,1500,OWNER
1820,1501,OWNER
1821,1502,OWNER
1822,1503,OWNER
1823,1504,OWNER
1824,1505,OWNER
1825,1506,OWNER
1826,1507,OWNER
1827,1507,DISPONENT
1828,1508,OWNER
1829,1509,OWNER
1830,1510,OWNER
1831,1511,OWNER
1832,1512,OWNER
1833,1513,OWNER
1834,1514,OWNER
1835,1514,DISPONENT
1836,1515,OWNER
1837,1516,OWNER
1838,1516,DISPONENT
1839,1517,OWNER
1840,1517,DISPONENT
1841,1518,OWNER
1842,1519,OWNER
1843,1520,OWNER
1844,1521,OWNER
1845,1521,DISPONENT
1846,1522,OWNER
1847,1523,OWNER
1848,1524,OWNER
1849,1525,OWNER
1850,1526,OWNER
1851,1527,OWNER
1852,1528,OWNER
1853,1529,OWNER
1854,1530,OWNER
1856,1532,OWNER
1857,1532,DISPONENT
1860,1534,OWNER
1861,1535,OWNER
1862,1536,OWNER
1863,1537,OWNER
1864,1538,OWNER
1865,1538,DISPONENT
1866,1539,OWNER
1867,1540,OWNER
1868,1541,OWNER
1869,1542,OWNER
1870,1542,DISPONENT
1871,1543,OWNER
1872,1544,OWNER
1873,1544,DISPONENT
1874,1545,OWNER
1875,1546,OWNER
1876,1547,OWNER
1877,1548,OWNER
1878,1548,DISPONENT
1879,1549,OWNER
1880,1550,OWNER
1881,1551,OWNER
1882,1551,DISPONENT
1883,1552,OWNER
1884,1553,OWNER
1885,1554,OWNER
1886,1555,OWNER
1887,1556,OWNER
1888,1557,OWNER
1889,1558,OWNER
1890,1559,OWNER
1891,1560,OWNER
1892,1561,OWNER
1893,1561,DISPONENT
1894,1562,OWNER
1895,1563,OWNER
1896,1564,OWNER
1897,1565,OWNER
1898,1566,OWNER
1899,1567,OWNER
1900,1568,OWNER
1901,1568,DISPONENT
1903,1570,OWNER
1904,1571,OWNER
1905,1572,OWNER
1906,1573,OWNER
1907,1574,OWNER
1908,1575,OWNER
1909,1576,OWNER
1910,1577,OWNER
1911,1578,OWNER
1912,1579,OWNER
1913,1580,OWNER
1914,1581,OWNER
1915,1581,DISPONENT
1916,1582,OWNER
1917,1583,OWNER
1919,1584,OWNER
1920,1585,OWNER
1921,1586,OWNER
1922,1586,DISPONENT
1923,1587,OWNER
1924,1588,OWNER
1925,1589,OWNER
1926,1589,DISPONENT
1927,1590,OWNER
1928,1590,DISPONENT
1929,1591,OWNER
1930,1592,OWNER
1931,1593,OWNER
1932,1594,OWNER
1934,1596,OWNER
1935,1597,OWNER
1936,1598,OWNER
1937,1598,DISPONENT
1938,1599,OWNER
1939,1600,OWNER
1940,1600,DISPONENT
1941,1601,OWNER
1942,1601,DISPONENT
1943,1602,OWNER
1944,1603,OWNER
1945,1604,OWNER
1946,1605,OWNER
1947,1606,OWNER
1948,1607,OWNER
1949,1607,DISPONENT
1950,1608,OWNER
1951,1609,OWNER
1952,1610,OWNER
1953,1610,DISPONENT
1954,1611,OWNER
1955,1612,OWNER
1956,1613,OWNER
1957,1614,OWNER
1958,1614,DISPONENT
1959,1615,OWNER
1960,1616,OWNER
1961,1617,OWNER
1962,1618,OWNER
1963,1619,OWNER
1964,1620,OWNER
1965,1621,OWNER
1966,1622,OWNER
1967,1623,OWNER
1968,1623,DISPONENT
1969,1624,OWNER
1970,1625,OWNER
1971,1626,OWNER
1972,1627,OWNER
1973,1628,OWNER
1974,1629,OWNER
1975,1629,DISPONENT
1976,1630,OWNER
1977,1631,OWNER
1978,1632,OWNER
1979,1633,OWNER
1980,1634,OWNER
1981,1635,OWNER
1982,1636,OWNER
1983,1636,DISPONENT
1984,1637,OWNER
1985,1638,OWNER
1986,1638,DISPONENT
1988,1640,OWNER
1989,1641,OWNER
1990,1641,DISPONENT
1991,1642,OWNER
1993,1644,OWNER
1994,1644,DISPONENT
1995,1645,OWNER
1996,1646,OWNER
1997,1647,OWNER
1998,1648,OWNER
1999,1649,OWNER
2000,1650,OWNER
2001,1651,OWNER
2002,1652,OWNER
2003,1652,DISPONENT
2004,1653,OWNER
2005,1654,OWNER
2006,1655,OWNER
2007,1655,DISPONENT
2008,1656,OWNER
2009,1657,OWNER
2010,1658,OWNER
2011,1659,OWNER
2012,1659,DISPONENT
2013,1660,OWNER
2015,1662,OWNER
2016,1663,OWNER
2017,1663,DISPONENT
2018,1664,OWNER
2019,1665,OWNER
2020,1665,DISPONENT
2021,1666,OWNER
2022,1667,OWNER
2023,1667,DISPONENT
2024,1668,OWNER
2025,1669,OWNER
2026,1669,DISPONENT
2027,1670,OWNER
2028,1670,DISPONENT
2029,1671,OWNER
2030,1672,OWNER
2031,1673,OWNER
2032,1674,OWNER
2033,1674,DISPONENT
2034,1675,OWNER
2035,1675,DISPONENT
2037,1677,OWNER
2038,1678,OWNER
2039,1679,OWNER
2040,1680,OWNER
2041,1681,OWNER
2042,1682,OWNER
2043,1683,OWNER
2044,1684,OWNER
2045,1685,OWNER
2046,1685,DISPONENT
2047,1686,OWNER
2048,1687,OWNER
2049,1688,OWNER
2050,1688,DISPONENT
2051,1689,OWNER
2052,1689,DISPONENT
2053,1690,OWNER
2054,1691,OWNER
2055,1692,OWNER
2056,1693,OWNER
2057,1694,OWNER
2058,1695,OWNER
2059,1696,OWNER
2060,1696,DISPONENT
2061,1697,OWNER
2062,1697,DISPONENT
2063,1698,OWNER
2064,1699,OWNER
2065,1700,OWNER
2066,1701,OWNER
2067,1702,OWNER
2068,1703,OWNER
2069,1704,OWNER
2070,1705,OWNER
2071,1706,OWNER
2072,1707,OWNER
2073,1708,OWNER
2074,1709,OWNER
2075,1710,OWNER
2076,1711,OWNER
2077,1712,OWNER
2078,1713,OWNER
2079,1714,OWNER
2080,1715,OWNER
2081,1716,OWNER
2082,1717,OWNER
2083,1718,OWNER
2084,1719,OWNER
2085,1719,DISPONENT
2086,1720,OWNER
2087,1721,OWNER
2088,1722,OWNER
2089,1723,OWNER
2090,1723,DISPONENT
2091,1724,OWNER
2092,1725,OWNER
2093,1726,OWNER
2094,1726,DISPONENT
2095,1727,OWNER
2096,1728,OWNER
2097,1729,OWNER
2098,1729,DISPONENT
2099,1730,OWNER
2100,1731,OWNER
2101,1731,DISPONENT
2102,1732,OWNER
2103,1733,OWNER
2104,1734,OWNER
2105,1735,OWNER
2106,1736,OWNER
2107,1736,DISPONENT
2108,1737,OWNER
2109,1738,OWNER
2110,1739,OWNER
2111,1740,OWNER
2112,1741,OWNER
2113,1742,OWNER
2114,1743,OWNER
2115,1743,DISPONENT
2116,1744,OWNER
2117,1745,OWNER
2118,1746,OWNER
2119,1747,OWNER
2121,1749,OWNER
2122,1750,OWNER
2123,1751,OWNER
2124,1752,OWNER
2125,1753,OWNER
2126,1754,OWNER
2128,1756,OWNER
2129,1757,OWNER
2130,1758,OWNER
2131,1759,OWNER
2132,1759,DISPONENT
2133,1760,OWNER
2134,1760,DISPONENT
2135,1761,OWNER
2136,1762,OWNER
2137,1763,OWNER
2138,1764,OWNER
2139,1765,OWNER
2140,1765,DISPONENT
2141,1766,OWNER
2142,1767,OWNER
2143,1767,DISPONENT
2144,1768,OWNER
2145,1769,OWNER
2146,1770,OWNER
2147,1771,OWNER
2148,1772,OWNER
2149,1773,OWNER
2150,1774,OWNER
2151,1774,DISPONENT
2152,1775,OWNER
2153,1776,OWNER
2154,1777,OWNER
2155,1778,OWNER
2156,1779,OWNER
2157,1780,OWNER
2158,1781,OWNER
2159,1782,OWNER
2160,1783,OWNER
2161,1784,OWNER
2162,1784,DISPONENT
2163,1785,OWNER
2164,1786,OWNER
2165,1786,DISPONENT
2166,1787,OWNER
2167,1788,OWNER
2168,1789,OWNER
2169,1789,DISPONENT
2170,1790,OWNER
2171,1791,OWNER
2172,1792,OWNER
2173,1793,OWNER
2174,1794,OWNER
2175,1795,OWNER
2176,1796,OWNER
2177,1797,OWNER
2178,1798,OWNER
2179,1799,OWNER
2180,1800,OWNER
2181,1801,OWNER
2182,1802,OWNER
2183,1802,DISPONENT
2184,1803,OWNER
2185,1804,OWNER
2186,1805,OWNER
2187,1806,OWNER
2188,1806,DISPONENT
2189,1807,OWNER
2190,1808,OWNER
2191,1808,DISPONENT
2192,1809,OWNER
2193,1809,DISPONENT
2194,1810,OWNER
2195,1811,OWNER
2196,1812,OWNER
2197,1813,OWNER
2198,1814,OWNER
2199,1814,DISPONENT
2200,1815,OWNER
2201,1816,OWNER
2202,1816,DISPONENT
2203,1817,OWNER
2204,1818,OWNER
2205,1819,OWNER
2206,1820,OWNER
2207,1821,OWNER
2208,1821,DISPONENT
2209,1822,OWNER
2210,1822,DISPONENT
2211,1823,OWNER
2212,1824,OWNER
2213,1825,OWNER
2214,1826,OWNER
2215,1827,OWNER
2216,1828,OWNER
2217,1828,DISPONENT
2218,1829,OWNER
2219,1829,DISPONENT
2220,1830,OWNER
2221,1830,DISPONENT
2222,1831,OWNER
2223,1832,OWNER
2224,1833,OWNER
2225,1834,OWNER
2226,1835,OWNER
2227,1836,OWNER
2228,1837,OWNER
2229,1838,OWNER
2230,1839,OWNER
2231,1840,OWNER
2232,1841,OWNER
2233,1841,DISPONENT
2235,1843,OWNER
2236,1844,OWNER
2237,1845,OWNER
2238,1845,DISPONENT
2239,1846,OWNER
2240,1847,OWNER
2241,1847,DISPONENT
2242,1848,OWNER
2243,1848,DISPONENT
2246,1851,OWNER
2247,1852,OWNER
2248,1853,OWNER
2249,1854,OWNER
2250,1855,OWNER
2251,1856,OWNER
2252,1857,OWNER
2253,1857,DISPONENT
2254,1858,OWNER
2255,1859,OWNER
2256,1860,OWNER
2257,1861,OWNER
2258,1861,DISPONENT
2259,1862,OWNER
2260,1863,OWNER
2261,1863,DISPONENT
2263,1865,OWNER
2264,1866,OWNER
2265,1867,OWNER
2266,1868,OWNER
2267,1869,OWNER
2268,1870,OWNER
2269,1871,OWNER
2270,1872,OWNER
2271,1872,DISPONENT
2274,1874,OWNER
2275,1874,DISPONENT
2276,1875,OWNER
2277,1876,OWNER
2278,1877,OWNER
2279,1878,OWNER
2280,1879,OWNER
2281,1880,OWNER
2282,1881,OWNER
2283,1882,OWNER
2286,1884,OWNER
2287,1885,OWNER
2288,1886,OWNER
2289,1886,DISPONENT
2290,1887,OWNER
2291,1888,OWNER
2292,1889,OWNER
2293,1890,OWNER
2294,1891,OWNER
2295,1892,OWNER
2296,1892,DISPONENT
2297,1893,OWNER
2298,1893,DISPONENT
2299,1894,OWNER
2300,1895,OWNER
2301,1895,DISPONENT
2302,1896,OWNER
2303,1897,OWNER
2304,1897,DISPONENT
2305,1898,OWNER
2306,1898,DISPONENT
2307,1899,OWNER
2308,1900,OWNER
2309,1901,OWNER
2310,1902,OWNER
2311,1902,DISPONENT
2312,1903,OWNER
2313,1904,OWNER
2314,1905,OWNER
2315,1905,DISPONENT
2316,1906,OWNER
2317,1907,OWNER
2318,1908,OWNER
2319,1909,OWNER
2320,1910,OWNER
2321,1911,OWNER
2322,1912,OWNER
2323,1913,OWNER
2324,1914,OWNER
2325,1915,OWNER
2326,1916,OWNER
2327,1917,OWNER
2328,1918,OWNER
2329,1919,OWNER
2330,1920,OWNER
2331,1921,OWNER
2332,1922,OWNER
2333,1922,DISPONENT
2335,1924,OWNER
2336,1925,OWNER
2337,1925,DISPONENT
2338,1926,OWNER
2339,1926,DISPONENT
2340,1927,OWNER
2341,1927,DISPONENT
2342,1928,OWNER
2343,1929,OWNER
2344,1930,OWNER
2345,1931,OWNER
2346,1931,DISPONENT
2347,1932,OWNER
2348,1933,OWNER
2349,1934,OWNER
2350,1934,DISPONENT
2351,1935,OWNER
2352,1936,OWNER
2353,1937,OWNER
2354,1938,OWNER
2355,1939,OWNER
2356,1940,OWNER
2357,1940,DISPONENT
2358,1941,OWNER
2359,1941,DISPONENT
2361,1943,OWNER
2362,1943,DISPONENT
2363,1944,OWNER
2364,1945,OWNER
2365,1946,OWNER
2366,1947,OWNER
2367,1947,DISPONENT
2368,1948,OWNER
2369,1948,DISPONENT
2370,1949,OWNER
2371,1950,OWNER
2372,1951,OWNER
2373,1952,OWNER
2374,1953,OWNER
2375,1954,OWNER
2376,1954,DISPONENT
2377,1955,OWNER
2378,1956,OWNER
2379,1957,OWNER
2380,1958,OWNER
2381,1958,DISPONENT
2382,1959,OWNER
2383,1960,OWNER
2384,1960,DISPONENT
2385,1961,OWNER
2386,1961,DISPONENT
2387,1962,OWNER
2388,1963,OWNER
2389,1964,OWNER
2390,1965,OWNER
2391,1966,OWNER
2392,1967,OWNER
2393,1968,OWNER
2394,1969,OWNER
2395,1970,OWNER
2396,1971,OWNER
2397,1972,OWNER
2398,1973,OWNER
2399,1974,OWNER
2400,1975,OWNER
2401,1976,OWNER
2402,1977,OWNER
2403,1978,OWNER
2404,1979,OWNER
2405,1979,DISPONENT
2406,1980,OWNER
2407,1981,OWNER
2408,1982,OWNER
2409,1983,OWNER
2410,1984,OWNER
2411,1984,DISPONENT
2412,1985,OWNER
2413,1986,OWNER
2414,1987,OWNER
2415,1987,DISPONENT
2416,1988,OWNER
2417,1989,OWNER
2418,1990,OWNER
2419,1991,OWNER
2420,1992,OWNER
2421,1992,DISPONENT
2422,1993,OWNER
2423,1994,OWNER
2424,1995,OWNER
2425,1996,OWNER
2426,1997,OWNER
2427,1997,DISPONENT
2428,1998,OWNER
2429,1999,OWNER
2430,2000,OWNER
2431,2001,OWNER
2432,2002,OWNER
2433,2003,OWNER
2434,2004,OWNER
2435,2005,OWNER
2436,2006,OWNER
2437,2007,OWNER
2438,2008,OWNER
2439,2008,DISPONENT
2440,2009,OWNER
2441,2010,OWNER
2442,2010,DISPONENT
2443,2011,OWNER
2444,2012,OWNER
2445,2013,OWNER
2447,2015,OWNER
2448,2015,DISPONENT
2449,2016,OWNER
2450,2017,OWNER
2451,2018,OWNER
2452,2019,OWNER
2453,2020,OWNER
2454,2021,OWNER
2455,2022,OWNER
2456,2022,DISPONENT
2457,2023,OWNER
2458,2023,DISPONENT
2459,2024,OWNER
2460,2025,OWNER
2461,2026,OWNER
2462,2027,OWNER
2463,2028,OWNER
2464,2029,OWNER
2465,2030,OWNER
2467,2032,OWNER
2468,2033,OWNER
2469,2034,OWNER
2470,2035,OWNER
2471,2035,DISPONENT
2472,2036,OWNER
2473,2037,OWNER
2474,2038,OWNER
2475,2039,OWNER
2476,2040,OWNER
2477,2040,DISPONENT
2478,2041,OWNER
2479,2042,OWNER
2480,2043,OWNER
2481,2044,OWNER
2482,2045,OWNER
2483,2045,DISPONENT
2484,2046,OWNER
2485,2047,OWNER
2486,2048,OWNER
2487,2049,OWNER
2488,2050,OWNER
2489,2051,OWNER
2490,2052,OWNER
2491,2053,OWNER
2492,2053,DISPONENT
2493,2054,OWNER
2494,2055,OWNER
2495,2056,OWNER
2496,2057,OWNER
2497,2058,OWNER
2498,2059,OWNER
2499,2060,OWNER
2500,2061,OWNER
2501,2062,OWNER
2502,2063,OWNER
2503,2064,OWNER
2504,2065,OWNER
2505,2066,OWNER
2506,2067,OWNER
2507,2068,OWNER
2508,2069,OWNER
2509,2069,DISPONENT
2510,2070,OWNER
2511,2071,OWNER
2512,2071,DISPONENT
2513,2072,OWNER
2514,2073,OWNER
2515,2074,OWNER
2516,2075,OWNER
2517,2076,OWNER
2518,2076,DISPONENT
2519,2077,OWNER
2520,2078,OWNER
2521,2079,OWNER
2522,2080,OWNER
2523,2080,DISPONENT
2524,2081,OWNER
2525,2082,OWNER
2526,2083,OWNER
2527,2084,OWNER
2528,2085,OWNER
2529,2086,OWNER
2530,2087,OWNER
2531,2088,OWNER
2532,2089,OWNER
2533,2090,OWNER
2534,2091,OWNER
2535,2092,OWNER
2536,2093,OWNER
2537,2094,OWNER
2538,2095,OWNER
2539,2096,OWNER
2540,2097,OWNER
2542,2099,OWNER
2543,2099,DISPONENT
2545,2101,OWNER
2546,2102,OWNER
2547,2103,OWNER
2548,2104,OWNER
2549,2105,OWNER
2550,2106,OWNER
2551,2107,OWNER
2552,2108,OWNER
2553,2109,OWNER
2554,2110,OWNER
2555,2111,OWNER
2556,2112,OWNER
2557,2113,OWNER
2558,2114,OWNER
2559,2115,OWNER
2560,2116,OWNER
2561,2117,OWNER
2562,2118,OWNER
2563,2119,OWNER
2565,2121,OWNER
2566,2122,OWNER
2567,2123,OWNER
2568,2123,DISPONENT
2569,2124,OWNER
2570,2124,DISPONENT
2571,2125,OWNER
2572,2126,OWNER
2573,2127,OWNER
2574,2128,OWNER
2576,2130,OWNER
2577,2131,OWNER
2578,2132,OWNER
2579,2133,OWNER
2580,2133,DISPONENT
2581,2134,OWNER
2582,2135,OWNER
2583,2136,OWNER
2584,2137,OWNER
2585,2138,OWNER
2586,2139,OWNER
2587,2139,DISPONENT
2588,2140,OWNER
2589,2141,OWNER
2590,2142,OWNER
2591,2142,DISPONENT
2592,2143,OWNER
2593,2143,DISPONENT
2594,2144,OWNER
2596,2146,OWNER
2597,2147,OWNER
2598,2147,DISPONENT
2599,2148,OWNER
2600,2149,OWNER
2601,2150,OWNER
2602,2150,DISPONENT
2603,2151,OWNER
2604,2152,OWNER
2605,2152,DISPONENT
2606,2153,OWNER
2607,2154,OWNER
2608,2155,OWNER
2609,2156,OWNER
2610,2156,DISPONENT
2611,2157,OWNER
2612,2158,OWNER
2613,2159,OWNER
2614,2160,OWNER
2615,2161,OWNER
2616,2162,OWNER
2617,2162,DISPONENT
2618,2163,OWNER
2619,2164,OWNER
2620,2164,DISPONENT
2621,2165,OWNER
2622,2166,OWNER
2623,2167,OWNER
2625,2169,OWNER
2626,2170,OWNER
2628,2172,OWNER
2629,2172,DISPONENT
2630,2173,OWNER
2631,2174,OWNER
2632,2174,DISPONENT
2633,2175,OWNER
2635,2176,OWNER
2636,2177,OWNER
2637,2178,OWNER
2638,2179,OWNER
2639,2180,OWNER
2640,2180,DISPONENT
2642,2182,OWNER
2643,2183,OWNER
2644,2184,OWNER
2645,2185,OWNER
2646,2186,OWNER
2647,2187,OWNER
2648,2187,DISPONENT
2650,2189,OWNER
2651,2189,DISPONENT
2652,2190,OWNER
2653,2191,OWNER
2654,2192,OWNER
2655,2193,OWNER
2656,2194,OWNER
2657,2195,OWNER
2658,2196,OWNER
2659,2197,OWNER
2661,2199,OWNER
2662,2200,OWNER
2663,2201,OWNER
2666,2203,OWNER
2667,2204,OWNER
2668,2204,DISPONENT
2669,2205,OWNER
2670,2206,OWNER
2671,2207,OWNER
2672,2208,OWNER
2673,2209,OWNER
2674,2209,DISPONENT
2675,2210,OWNER
2676,2211,OWNER
2677,2212,OWNER
2678,2212,DISPONENT
2679,2213,OWNER
2680,2213,DISPONENT
2681,2214,OWNER
2682,2214,DISPONENT
2683,2215,OWNER
2684,2216,OWNER
2685,2217,OWNER
2686,2218,OWNER
2687,2218,DISPONENT
2688,2219,OWNER
2689,2220,OWNER
2690,2221,OWNER
2691,2222,OWNER
2692,2223,OWNER
2693,2224,OWNER
2694,2225,OWNER
2695,2225,DISPONENT
2696,2226,OWNER
2697,2226,DISPONENT
2698,2227,OWNER
2699,2227,DISPONENT
2700,2228,OWNER
2701,2229,OWNER
2702,2230,OWNER
2703,2231,OWNER
2704,2232,OWNER
2705,2233,OWNER
2706,2234,OWNER
2707,2235,OWNER
2708,2236,OWNER
2709,2237,OWNER
2712,2239,OWNER
2713,2240,OWNER
2714,2241,OWNER
2715,2242,OWNER
2716,2243,OWNER
2717,2244,OWNER
2718,2244,DISPONENT
2719,2245,OWNER
2720,2246,OWNER
2721,2247,OWNER
2724,2250,OWNER
2726,2252,OWNER
2727,2252,DISPONENT
2728,2253,OWNER
2729,2254,OWNER
2730,2255,OWNER
2731,2256,OWNER
2732,2257,OWNER
2733,2258,OWNER
2734,2258,DISPONENT
2735,2259,OWNER
2736,2260,OWNER
2738,2261,OWNER
2739,2262,OWNER
2740,2263,OWNER
2741,2264,OWNER
2742,2265,OWNER
2743,2266,OWNER
2744,2266,DISPONENT
2745,2267,OWNER
2746,2268,OWNER
2747,2269,OWNER
2748,2269,DISPONENT
2749,2270,OWNER
2750,2270,DISPONENT
2751,2271,OWNER
2752,2272,OWNER
2754,2274,OWNER
2755,2275,OWNER
2756,2276,OWNER
2758,2278,OWNER
2759,2279,OWNER
2760,2280,OWNER
2761,2281,OWNER
2762,2282,OWNER
2765,2285,OWNER
2766,2286,OWNER
2767,2286,DISPONENT
2768,2287,OWNER
2769,2288,OWNER
2770,2289,OWNER
2771,2290,OWNER
2772,2290,DISPONENT
2773,2291,OWNER
2774,2291,DISPONENT
2775,2292,OWNER
2776,2293,OWNER
2777,2294,OWNER
2778,2295,OWNER
2779,2296,OWNER
2780,2296,DISPONENT
2781,2297,OWNER
2782,2298,OWNER
2783,2299,OWNER
2784,2300,OWNER
2785,2301,OWNER
2786,2302,OWNER
2787,2303,OWNER
2788,2304,OWNER
2789,2305,OWNER
2790,2306,OWNER
2791,2307,OWNER
2794,2309,OWNER
2795,2309,DISPONENT
2796,2310,OWNER
2797,2311,OWNER
2798,2312,OWNER
2799,2313,OWNER
2800,2314,OWNER
2801,2315,OWNER
2802,2316,OWNER
2803,2317,OWNER
2804,2317,DISPONENT
2805,2318,OWNER
2806,2319,OWNER
2808,2321,OWNER
2809,2322,OWNER
2810,2323,OWNER
2811,2324,OWNER
2812,2325,OWNER
2813,2326,OWNER
2814,2327,OWNER
2815,2328,OWNER
2816,2328,DISPONENT
2817,2329,OWNER
2818,2330,OWNER
2819,2331,OWNER
2820,2332,OWNER
2821,2333,OWNER
2822,2334,OWNER
2823,2335,OWNER
2824,2336,OWNER
2825,2337,OWNER
2826,2338,OWNER
2827,2339,OWNER
2828,2340,OWNER
2829,2341,OWNER
2830,2342,OWNER
2831,2343,OWNER
2832,2344,OWNER
2833,2344,DISPONENT
2834,2345,OWNER
2835,2346,OWNER
2836,2347,OWNER
2837,2347,DISPONENT
2838,2348,OWNER
2839,2349,OWNER
2840,2349,DISPONENT
2841,2350,OWNER
2842,2351,OWNER
2843,2352,OWNER
2844,2353,OWNER
2845,2354,OWNER
2846,2355,OWNER
2847,2356,OWNER
2848,2356,DISPONENT
2849,2357,OWNER
2850,2358,OWNER
2851,2359,OWNER
2852,2360,OWNER
2853,2361,OWNER
2854,2362,OWNER
2855,2362,DISPONENT
2856,2363,OWNER
2857,2364,OWNER
2858,2365,OWNER
2859,2366,OWNER
2860,2367,OWNER
2862,2369,OWNER
2863,2369,DISPONENT
2864,2370,OWNER
2865,2371,OWNER
2866,2371,DISPONENT
2867,2372,OWNER
2868,2373,OWNER
2869,2374,OWNER
2870,2375,OWNER
2871,2376,OWNER
2872,2377,OWNER
2873,2378,OWNER
2874,2379,OWNER
2875,2380,OWNER
2876,2381,OWNER
2877,2382,OWNER
2878,2383,OWNER
2879,2384,OWNER
2880,2385,OWNER
2881,2386,OWNER
2882,2387,OWNER
2883,2388,OWNER
2884,2389,OWNER
2885,2390,OWNER
2886,2390,DISPONENT
2887,2391,OWNER
2888,2392,OWNER
2889,2393,OWNER
2890,2394,OWNER
2891,2394,DISPONENT
2892,2395,OWNER
2893,2396,OWNER
2894,2397,OWNER
2895,2398,OWNER
2896,2399,OWNER
2897,2400,OWNER
2898,2400,DISPONENT
2899,2401,OWNER
2900,2402,OWNER
2901,2403,OWNER
2902,2404,OWNER
2903,2404,DISPONENT
2904,2405,OWNER
2905,2405,DISPONENT
2906,2406,OWNER
2907,2406,DISPONENT
2908,2407,OWNER
2909,2408,OWNER
2910,2409,OWNER
2911,2410,OWNER
2912,2410,DISPONENT
2913,2411,OWNER
2915,2413,OWNER
2916,2414,OWNER
2917,2415,OWNER
2918,2416,OWNER
2919,2416,DISPONENT
2920,2417,OWNER
2921,2418,OWNER
2922,2419,OWNER
2923,2420,OWNER
2924,2421,OWNER
2925,2421,DISPONENT
2926,2422,OWNER
2927,2422,DISPONENT
2928,2423,OWNER
2929,2424,OWNER
2930,2425,OWNER
2932,2427,OWNER
2933,2428,OWNER
2934,2428,DISPONENT
2935,2429,OWNER
2936,2430,OWNER
2937,2431,OWNER
2938,2432,OWNER
2939,2433,OWNER
2940,2434,OWNER
2941,2435,OWNER
2942,2436,OWNER
2943,2437,OWNER
2944,2438,OWNER
2945,2439,OWNER
2946,2439,DISPONENT
2947,2440,OWNER
2948,2441,OWNER
2949,2442,OWNER
2950,2443,OWNER
2951,2444,OWNER
2952,2445,OWNER
2953,2446,OWNER
2954,2447,OWNER
2955,2447,DISPONENT
2956,2448,OWNER
2957,2449,OWNER
2958,2450,OWNER
2959,2451,OWNER
2960,2452,OWNER
2961,2452,DISPONENT
2962,2453,OWNER
2963,2453,DISPONENT
2964,2454,OWNER
2965,2455,OWNER
2966,2456,OWNER
2967,2457,OWNER
2968,2458,OWNER
2969,2459,OWNER
2970,2459,DISPONENT
2971,2460,OWNER
2972,2461,OWNER
2974,2463,OWNER
2975,2464,OWNER
2976,2465,OWNER
2977,2466,OWNER
2978,2467,OWNER
2979,2468,OWNER
2980,2469,OWNER
2981,2470,OWNER
2982,2471,OWNER
2983,2471,DISPONENT
2984,2472,OWNER
2985,2472,DISPONENT
2986,2473,OWNER
2987,2473,DISPONENT
2988,2474,OWNER
2989,2475,OWNER
2990,2476,OWNER
2991,2476,DISPONENT
2992,2477,OWNER
2994,2479,OWNER
2995,2480,OWNER
2996,2481,OWNER
2997,2482,OWNER
2998,2483,OWNER
2999,2484,OWNER
3000,2485,OWNER
3001,2486,OWNER
3002,2487,OWNER
3003,2488,OWNER
3004,2488,DISPONENT
3005,2489,OWNER
3006,2490,OWNER
3007,2491,OWNER
3008,2492,OWNER
3009,2493,OWNER
3010,2493,DISPONENT
3011,2494,OWNER
3012,2495,OWNER
3013,2496,OWNER
3014,2496,DISPONENT
3015,2497,OWNER
3016,2498,OWNER
3017,2499,OWNER
3018,2500,OWNER
3019,2501,OWNER
3020,2502,OWNER
3021,2503,OWNER
3022,2503,DISPONENT
3023,2504,OWNER
3024,2505,OWNER
3025,2505,DISPONENT
3026,2506,OWNER
3027,2507,OWNER
3028,2508,OWNER
3029,2509,OWNER
3030,2510,OWNER
3031,2511,OWNER
3032,2511,DISPONENT
3035,2513,OWNER
3036,2514,OWNER
3037,2515,OWNER
3038,2516,OWNER
3039,2517,OWNER
3041,2519,OWNER
3042,2520,OWNER
3043,2521,OWNER
3044,2522,OWNER
3045,2523,OWNER
3046,2524,OWNER
3047,2525,OWNER
3048,2526,OWNER
3049,2527,OWNER
3050,2527,DISPONENT
3051,2528,OWNER
3054,2530,OWNER
3055,2531,OWNER
3056,2532,OWNER
3057,2532,DISPONENT
3058,2533,OWNER
3059,2534,OWNER
3060,2535,OWNER
3061,2535,DISPONENT
3062,2536,OWNER
3063,2537,OWNER
3064,2538,OWNER
3065,2539,OWNER
3066,2540,OWNER
3067,2541,OWNER
3068,2541,DISPONENT
3069,2542,OWNER
3070,2543,OWNER
3071,2544,OWNER
3072,2545,OWNER
3073,2545,DISPONENT
3074,2546,OWNER
3075,2547,OWNER
3076,2548,OWNER
3077,2549,OWNER
3078,2549,DISPONENT
3079,2550,OWNER
3080,2551,OWNER
3081,2551,DISPONENT
3082,2552,OWNER
3083,2553,OWNER
3084,2554,OWNER
3085,2555,OWNER
3086,2555,DISPONENT
3087,2556,OWNER
3088,2557,OWNER
3089,2558,OWNER
3090,2559,OWNER
3091,2560,OWNER
3092,2561,OWNER
3093,2562,OWNER
3094,2563,OWNER
3095,2564,OWNER
3096,2565,OWNER
3097,2566,OWNER
3098,2567,OWNER
3099,2568,OWNER
3100,2569,OWNER
3101,2570,OWNER
3102,2571,OWNER
3103,2572,OWNER
3104,2573,OWNER
3105,2574,OWNER
3106,2575,OWNER
3107,2576,OWNER
3108,2576,DISPONENT
3109,2577,OWNER
3110,2578,OWNER
3111,2578,DISPONENT
3112,2579,OWNER
3113,2580,OWNER
3114,2580,DISPONENT
3115,2581,OWNER
3116,2582,OWNER
3117,2583,OWNER
3118,2583,DISPONENT
3119,2584,OWNER
3120,2585,OWNER
3121,2586,OWNER
3122,2586,DISPONENT
3123,2587,OWNER
3124,2588,OWNER
3125,2589,OWNER
3126,2590,OWNER
3127,2591,OWNER
3128,2592,OWNER
3129,2593,OWNER
3130,2594,OWNER
3131,2595,OWNER
3132,2596,OWNER
3133,2597,OWNER
3134,2598,OWNER
3135,2599,OWNER
3136,2600,OWNER
3137,2601,OWNER
3138,2601,DISPONENT
3139,2602,OWNER
3140,2602,DISPONENT
3141,2603,OWNER
3142,2604,OWNER
3143,2605,OWNER
3144,2606,OWNER
3145,2606,DISPONENT
3146,2607,OWNER
3147,2608,OWNER
3148,2609,OWNER
3149,2609,DISPONENT
3150,2610,OWNER
3151,2611,OWNER
3152,2612,OWNER
3153,2613,OWNER
3154,2613,DISPONENT
3155,2614,OWNER
3156,2615,OWNER
3157,2616,OWNER
3158,2617,OWNER
3159,2618,OWNER
3160,2619,OWNER
3161,2620,OWNER
3162,2621,OWNER
3163,2622,OWNER
3164,2622,DISPONENT
3165,2623,OWNER
3166,2624,OWNER
3167,2625,OWNER
3170,2627,OWNER
3171,2627,DISPONENT
3172,2628,OWNER
3173,2629,OWNER
3174,2629,DISPONENT
3175,2630,OWNER
3176,2631,OWNER
3177,2632,OWNER
3178,2633,OWNER
3179,2634,OWNER
3180,2634,DISPONENT
3181,2635,OWNER
3182,2636,OWNER
3183,2637,OWNER
3184,2638,OWNER
3185,2639,OWNER
3186,2640,OWNER
3187,2641,OWNER
3188,2642,OWNER
3190,2644,OWNER
3191,2645,OWNER
3192,2646,OWNER
3193,2647,OWNER
3194,2648,OWNER
3195,2649,OWNER
3196,2650,OWNER
3197,2651,OWNER
3198,2651,DISPONENT
3199,2652,OWNER
3200,2652,DISPONENT
3201,2653,OWNER
3202,2654,OWNER
3203,2655,OWNER
3204,2655,DISPONENT
3205,2656,OWNER
3206,2656,DISPONENT
3207,2657,OWNER
3208,2658,OWNER
3209,2658,DISPONENT
3210,2659,OWNER
3211,2660,OWNER
3213,2661,OWNER
3214,2662,OWNER
3215,2663,OWNER
3216,2664,OWNER
3217,2665,OWNER
3218,2666,OWNER
3219,2666,DISPONENT
3220,2667,OWNER
3221,2667,DISPONENT
3222,2668,OWNER
3225,2670,OWNER
3226,2671,OWNER
3227,2672,OWNER
3228,2673,OWNER
3229,2674,OWNER
3230,2675,OWNER
3231,2676,OWNER
3232,2677,OWNER
3233,2678,OWNER
3234,2679,OWNER
3235,2680,OWNER
3236,2681,OWNER
3239,2684,OWNER
3240,2685,OWNER
3241,2686,OWNER
3242,2686,DISPONENT
3243,2687,OWNER
3244,2688,OWNER
3245,2689,OWNER
3246,2690,OWNER
3247,2691,OWNER
3248,2692,OWNER
3249,2693,OWNER
3250,2693,DISPONENT
3251,2694,OWNER
3252,2694,DISPONENT
3253,2695,OWNER
3254,2696,OWNER
3255,2697,OWNER
3256,2698,OWNER
3257,2699,OWNER
3258,2700,OWNER
3259,2701,OWNER
3260,2702,OWNER
3261,2702,DISPONENT
3262,2703,OWNER
3264,2705,OWNER
3265,2706,OWNER
3266,2706,DISPONENT
3267,2707,OWNER
3268,2708,OWNER
3269,2709,OWNER
3270,2710,OWNER
3271,2711,OWNER
3272,2712,OWNER
3273,2712,DISPONENT
3274,2713,OWNER
3275,2713,DISPONENT
3276,2714,OWNER
3277,2715,OWNER
3278,2715,DISPONENT
3279,2716,OWNER
3280,2716,DISPONENT
3281,2717,OWNER
3282,2718,OWNER
3283,2719,OWNER
3284,2720,OWNER
3285,2720,DISPONENT
3286,2721,OWNER
3287,2721,DISPONENT
3288,2722,OWNER
3289,2723,OWNER
3290,2724,OWNER
3291,2725,OWNER
3292,2726,OWNER
3293,2727,OWNER
3294,2728,OWNER
3295,2729,OWNER
3296,2730,OWNER
3297,2731,OWNER
3298,2732,OWNER
3299,2733,OWNER
3300,2734,OWNER
3302,2736,OWNER
3303,2736,DISPONENT
3304,2737,OWNER
3305,2738,OWNER
3306,2739,OWNER
3307,2740,OWNER
3308,2741,OWNER
3309,2741,DISPONENT
3310,2742,OWNER
3311,2743,OWNER
3312,2744,OWNER
3313,2745,OWNER
3314,2746,OWNER
3315,2746,DISPONENT
3316,2747,OWNER
3317,2747,DISPONENT
3319,2749,OWNER
3320,2749,DISPONENT
3321,2750,OWNER
3322,2751,OWNER
3323,2752,OWNER
3324,2753,OWNER
3325,2753,DISPONENT
3326,2754,OWNER
3327,2755,OWNER
3328,2756,OWNER
3329,2757,OWNER
3330,2757,DISPONENT
3331,2758,OWNER
3332,2759,OWNER
3333,2760,OWNER
3334,2761,OWNER
3335,2762,OWNER
3336,2763,OWNER
3337,2764,OWNER
3338,2765,OWNER
3339,2766,OWNER
3340,2767,OWNER
3341,2767,DISPONENT
3342,2768,OWNER
3344,2770,OWNER
3345,2771,OWNER
3346,2771,DISPONENT
3347,2772,OWNER
3348,2773,OWNER
3349,2774,OWNER
3350,2775,OWNER
3351,2775,DISPONENT
3352,2776,OWNER
3353,2776,DISPONENT
3354,2777,OWNER
3355,2778,OWNER
3356,2779,OWNER
3357,2780,OWNER
3358,2781,OWNER
3359,2782,OWNER
3360,2783,OWNER
3361,2784,OWNER
3365,2787,OWNER
3366,2788,OWNER
3367,2788,DISPONENT
3368,2789,OWNER
3369,2790,OWNER
3370,2791,OWNER
3371,2791,DISPONENT
3372,2792,OWNER
3373,2793,OWNER
3374,2793,DISPONENT
3375,2794,OWNER
3376,2795,OWNER
3377,2795,DISPONENT
3378,2796,OWNER
3379,2796,DISPONENT
3380,2797,OWNER
3381,2798,OWNER
3382,2799,OWNER
3383,2799,DISPONENT
3384,2800,OWNER
3385,2801,OWNER
3386,2802,OWNER
3387,2803,OWNER
3388,2804,OWNER
3389,2805,OWNER
3390,2806,OWNER
3391,2807,OWNER
3392,2808,OWNER
3393,2809,OWNER
3394,2810,OWNER
3395,2811,OWNER
3396,2812,OWNER
3397,2813,OWNER
3398,2813,DISPONENT
3399,2814,OWNER
3402,2816,OWNER
3403,2816,DISPONENT
3404,2817,OWNER
3405,2818,OWNER
3406,2818,DISPONENT
3407,2819,OWNER
3408,2819,DISPONENT
3409,2820,OWNER
3410,2821,OWNER
3412,2823,OWNER
3413,2823,DISPONENT
3414,2824,OWNER
3415,2825,OWNER
3416,2826,OWNER
3417,2826,DISPONENT
3418,2827,OWNER
3420,2829,OWNER
3421,2830,OWNER
3422,2831,OWNER
3423,2832,OWNER
3424,2833,OWNER
3425,2834,OWNER
3426,2835,OWNER
3427,2836,OWNER
3428,2836,DISPONENT
3429,2837,OWNER
3430,2838,OWNER
3431,2839,OWNER
3432,2840,OWNER
3433,2841,OWNER
3434,2841,DISPONENT
3435,2842,OWNER
3436,2843,OWNER
3437,2843,DISPONENT
3438,2844,OWNER
3439,2845,OWNER
3440,2846,OWNER
3441,2847,OWNER
3443,2849,OWNER
3444,2850,OWNER
3445,2851,OWNER
3446,2852,OWNER
3447,2853,OWNER
3448,2854,OWNER
3449,2855,OWNER
3450,2856,OWNER
3451,2857,OWNER
3452,2857,DISPONENT
3453,2858,OWNER
3454,2859,OWNER
3455,2859,DISPONENT
3456,2860,OWNER
3457,2861,OWNER
3458,2862,OWNER
3459,2863,OWNER
3460,2863,DISPONENT
3461,2864,OWNER
3462,2864,DISPONENT
3463,2865,OWNER
3464,2866,OWNER
3465,2867,OWNER
3466,2868,OWNER
3467,2868,DISPONENT
3468,2869,OWNER
3469,2870,OWNER
3470,2871,OWNER
3471,2872,OWNER
3472,2873,OWNER
3473,2873,DISPONENT
3474,2874,OWNER
3475,2875,OWNER
3476,2876,OWNER
3477,2877,OWNER
3478,2878,OWNER
3479,2878,DISPONENT
3480,2879,OWNER
3481,2879,DISPONENT
3482,2880,OWNER
3483,2881,OWNER
3484,2882,OWNER
3485,2883,OWNER
3486,2884,OWNER
3487,2885,OWNER
3488,2886,OWNER
3489,2887,OWNER
3490,2888,OWNER
3491,2888,DISPONENT
3492,2889,OWNER
3493,2890,OWNER
3494,2891,OWNER
3495,2892,OWNER
3496,2892,DISPONENT
3497,2893,OWNER
3498,2894,OWNER
3499,2895,OWNER
3500,2896,OWNER
3501,2897,OWNER
3502,2898,OWNER
3503,2898,DISPONENT
3504,2899,OWNER
3505,2900,OWNER
3506,2901,OWNER
3507,2902,OWNER
3508,2903,OWNER
3509,2903,DISPONENT
3510,2904,OWNER
3511,2905,OWNER
3512,2906,OWNER
3513,2907,OWNER
3514,2907,DISPONENT
3515,2908,OWNER
3516,2909,OWNER
3517,2910,OWNER
3518,2911,OWNER
3519,2912,OWNER
3520,2913,OWNER
3521,2914,OWNER
3522,2915,OWNER
3523,2916,OWNER
3524,2917,OWNER
3525,2918,OWNER
3526,2918,DISPONENT
3527,2919,OWNER
3528,2920,OWNER
3529,2921,OWNER
3530,2922,OWNER
3531,2923,OWNER
3532,2924,OWNER
3533,2925,OWNER
3534,2926,OWNER
3535,2927,OWNER
3536,2928,OWNER
3537,2929,OWNER
3538,2930,OWNER
3539,2931,OWNER
3540,2932,OWNER
3541,2932,DISPONENT
3542,2933,OWNER
3543,2933,DISPONENT
3544,2934,OWNER
3545,2935,OWNER
3546,2936,OWNER
3547,2937,OWNER
3548,2938,OWNER
3549,2939,OWNER
3550,2940,OWNER
3552,2942,OWNER
3554,2944,OWNER
3555,2944,DISPONENT
3556,2945,OWNER
3557,2945,DISPONENT
3558,2946,OWNER
3559,2947,OWNER
3560,2947,DISPONENT
3562,2949,OWNER
3563,2949,DISPONENT
3564,2950,OWNER
3565,2951,OWNER
3566,2952,OWNER
3567,2953,OWNER
3568,2954,OWNER
3569,2955,OWNER
3570,2956,OWNER
3571,2957,OWNER
3572,2958,OWNER
3573,2959,OWNER
3574,2960,OWNER
3575,2961,OWNER
3576,2962,OWNER
3577,2963,OWNER
3578,2964,OWNER
3579,2964,DISPONENT
3580,2965,OWNER
3581,2966,OWNER
3582,2967,OWNER
3583,2968,OWNER
3584,2968,DISPONENT
3585,2969,OWNER
3586,2970,OWNER
3587,2970,DISPONENT
3588,2971,OWNER
3589,2972,OWNER
3590,2973,OWNER
3591,2974,OWNER
3592,2974,DISPONENT
3594,2976,OWNER
3595,2977,OWNER
3596,2978,OWNER
3597,2979,OWNER
3598,2980,OWNER
3599,2980,DISPONENT
3600,2981,OWNER
3601,2982,OWNER
3602,2982,DISPONENT
3603,2983,OWNER
3605,2985,OWNER
3606,2986,OWNER
3607,2987,OWNER
3608,2988,OWNER
3609,2988,DISPONENT
3610,2989,OWNER
3611,2990,OWNER
3612,2991,OWNER
3613,2991,DISPONENT
3614,2992,OWNER
3615,2993,OWNER
3616,2994,OWNER
3617,2995,OWNER
3618,2996,OWNER
3619,2997,OWNER
3620,2998,OWNER
3621,2999,OWNER
3622,2999,DISPONENT
3623,3000,OWNER
3624,3001,OWNER
3627,3003,OWNER
3628,3004,OWNER
3629,3005,OWNER
3630,3006,OWNER
3631,3006,DISPONENT
3632,3007,OWNER
3633,3008,OWNER
3634,3009,OWNER
3635,3009,DISPONENT
3636,3010,OWNER
3637,3011,OWNER
3638,3012,OWNER
3639,3013,OWNER
3640,3014,OWNER
3641,3014,DISPONENT
3642,3015,OWNER
3643,3016,OWNER
3644,3017,OWNER
3645,3018,OWNER
3646,3019,OWNER
3647,3019,DISPONENT
3648,3020,OWNER
3649,3021,OWNER
3650,3022,OWNER
3651,3023,OWNER
3652,3024,OWNER
3653,3024,DISPONENT
3654,3025,OWNER
3655,3026,OWNER
3656,3027,OWNER
3657,3027,DISPONENT
3658,3028,OWNER
3659,3029,OWNER
3660,3030,OWNER
3661,3031,OWNER
3662,3032,OWNER
3663,3033,OWNER
3664,3033,DISPONENT
3667,3035,OWNER
3668,3035,DISPONENT
3669,3036,OWNER
3670,3037,OWNER
3671,3038,OWNER
3672,3038,DISPONENT
3673,3039,OWNER
3674,3040,OWNER
3675,3041,OWNER
3676,3042,OWNER
3677,3042,DISPONENT
3678,3043,OWNER
3679,3044,OWNER
3680,3044,DISPONENT
3681,3045,OWNER
3682,3045,DISPONENT
3683,3046,OWNER
3684,3047,OWNER
3685,3048,OWNER
3686,3049,OWNER
3687,3050,OWNER
3688,3050,DISPONENT
3689,3051,OWNER
3690,3052,OWNER
3691,3053,OWNER
3693,3055,OWNER
3694,3055,DISPONENT
3695,3056,OWNER
3696,3056,DISPONENT
3697,3057,OWNER
3698,3058,OWNER
3699,3059,OWNER
3700,3059,DISPONENT
3701,3060,OWNER
3702,3061,OWNER
3703,3062,OWNER
3704,3063,OWNER
3705,3064,OWNER
3707,3066,OWNER
3708,3067,OWNER
3709,3067,DISPONENT
3710,3068,OWNER
3711,3069,OWNER
3712,3070,OWNER
3713,3071,OWNER
3714,3072,OWNER
3716,3074,OWNER
3717,3075,OWNER
3718,3075,DISPONENT
3719,3076,OWNER
3720,3076,DISPONENT
3721,3077,OWNER
3722,3078,OWNER
3723,3079,OWNER
3724,3080,OWNER
3727,3082,OWNER
3728,3083,OWNER
3729,3083,DISPONENT
3730,3084,OWNER
3732,3085,OWNER
3733,3086,OWNER
3734,3087,OWNER
3735,3088,OWNER
3736,3088,DISPONENT
3737,3089,OWNER
3738,3090,OWNER
3739,3091,OWNER
3740,3092,OWNER
3741,3093,OWNER
3742,3094,OWNER
3743,3094,DISPONENT
3745,3096,OWNER
3746,3097,OWNER
3747,3098,OWNER
3748,3099,OWNER
3749,3100,OWNER
3750,3101,OWNER
3751,3102,OWNER
3752,3102,DISPONENT
3753,3103,OWNER
3754,3104,OWNER
3755,3105,OWNER
3756,3106,OWNER
3757,3107,OWNER
3758,3108,OWNER
3759,3108,DISPONENT
3760,3109,OWNER
3761,3110,OWNER
3762,3111,OWNER
3763,3112,OWNER
3764,3112,DISPONENT
3765,3113,OWNER
3766,3114,OWNER
3767,3115,OWNER
3768,3115,DISPONENT
3769,3116,OWNER
3770,3117,OWNER
3771,3118,OWNER
3772,3118,DISPONENT
3773,3119,OWNER
3774,3120,OWNER
3775,3121,OWNER
3776,3122,OWNER
3777,3122,DISPONENT
3779,3124,OWNER
3780,3125,OWNER
3781,3126,OWNER
3782,3127,OWNER
3783,3128,OWNER
3784,3128,DISPONENT
3785,3129,OWNER
3786,3130,OWNER
3787,3131,OWNER
3788,3132,OWNER
3789,3133,OWNER
3790,3134,OWNER
3791,3135,OWNER
3792,3136,OWNER
3793,3137,OWNER
3794,3138,OWNER
3795,3139,OWNER
3796,3140,OWNER
3797,3140,DISPONENT
3798,3141,OWNER
3799,3142,OWNER
3800,3143,OWNER
3801,3143,DISPONENT
3802,3144,OWNER
3803,3145,OWNER
3804,3145,DISPONENT
3805,3146,OWNER
3806,3147,OWNER
3807,3148,OWNER
3808,3149,OWNER
3811,3151,OWNER
3812,3152,OWNER
3813,3153,OWNER
3814,3154,OWNER
3815,3155,OWNER
3816,3156,OWNER
3817,3157,OWNER
3818,3158,OWNER
3819,3158,DISPONENT
3821,3160,OWNER
3822,3161,OWNER
3823,3162,OWNER
3824,3163,OWNER
3825,3163,DISPONENT
3826,3164,OWNER
3827,3164,DISPONENT
3829,3166,OWNER
3830,3167,OWNER
3831,3168,OWNER
3832,3168,DISPONENT
3833,3169,OWNER
3834,3170,OWNER
3835,3171,OWNER
3836,3172,OWNER
3837,3173,OWNER
3838,3174,OWNER
3839,3174,DISPONENT
3840,3175,OWNER
3841,3176,OWNER
3842,3177,OWNER
3843,3178,OWNER
3844,3179,OWNER
3845,3180,OWNER
3846,3181,OWNER
3847,3182,OWNER
3848,3183,OWNER
3849,3184,OWNER
3850,3185,OWNER
3851,3185,DISPONENT
3852,3186,OWNER
3853,3187,OWNER
3854,3188,OWNER
3855,3189,OWNER
3856,3190,OWNER
3857,3191,OWNER
3858,3192,OWNER
3859,3192,DISPONENT
3860,3193,OWNER
3861,3194,OWNER
3862,3195,OWNER
3863,3196,OWNER
3864,3196,DISPONENT
3865,3197,OWNER
3866,3197,DISPONENT
3868,3199,OWNER
3869,3200,OWNER
3870,3201,OWNER
3871,3201,DISPONENT
3872,3202,OWNER
3873,3203,OWNER
3874,3204,OWNER
3875,3205,OWNER
3876,3205,DISPONENT
3877,3206,OWNER
3880,3208,OWNER
3881,3209,OWNER
3882,3209,DISPONENT
3883,3210,OWNER
3884,3211,OWNER
3885,3212,OWNER
3886,3213,OWNER
3887,3214,OWNER
3888,3214,DISPONENT
3890,3216,OWNER
3891,3217,OWNER
3892,3218,OWNER
3893,3219,OWNER
3894,3220,OWNER
3895,3220,DISPONENT
3896,3221,OWNER
3897,3222,OWNER
3898,3223,OWNER
3899,3224,OWNER
3900,3225,OWNER
3901,3225,DISPONENT
3902,3226,OWNER
3903,3227,OWNER
3904,3228,OWNER
3905,3228,DISPONENT
3906,3229,OWNER
3907,3230,OWNER
3908,3231,OWNER
3909,3231,DISPONENT
3910,3232,OWNER
3911,3233,OWNER
3912,3234,OWNER
3913,3235,OWNER
3914,3236,OWNER
3915,3237,OWNER
3916,3238,OWNER
3917,3238,DISPONENT
3918,3239,OWNER
3919,3240,OWNER
3920,3241,OWNER
3921,3242,OWNER
3922,3243,OWNER
3923,3243,DISPONENT
3924,3244,OWNER
3925,3245,OWNER
3926,3246,OWNER
3927,3247,OWNER
3928,3248,OWNER
3929,3249,OWNER
3930,3250,OWNER
3931,3250,DISPONENT
3932,3251,OWNER
3933,3251,DISPONENT
3934,3252,OWNER
3935,3253,OWNER
3936,3254,OWNER
3937,3254,DISPONENT
3938,3255,OWNER
3939,3256,OWNER
3942,3258,OWNER
3943,3259,OWNER
3944,3260,OWNER
3945,3260,DISPONENT
3946,3261,OWNER
3947,3262,OWNER
3948,3263,OWNER
3949,3263,DISPONENT
3950,3264,OWNER
3951,3264,DISPONENT
3952,3265,OWNER
3953,3266,OWNER
3954,3267,OWNER
3955,3267,DISPONENT
3956,3268,OWNER
3957,3268,DISPONENT
3958,3269,OWNER
3959,3270,OWNER
3960,3271,OWNER
3961,3272,OWNER
3962,3273,OWNER
3963,3274,OWNER
3964,3275,OWNER
3965,3276,OWNER
3966,3276,DISPONENT
3967,3277,OWNER
3968,3277,DISPONENT
3969,3278,OWNER
3970,3279,OWNER
3971,3280,OWNER
3972,3281,OWNER
3973,3282,OWNER
3974,3283,OWNER
3975,3284,OWNER
3976,3285,OWNER
3977,3286,OWNER
3978,3287,OWNER
3979,3288,OWNER
3980,3289,OWNER
3981,3290,OWNER
3982,3291,OWNER
3983,3292,OWNER
3984,3293,OWNER
3985,3294,OWNER
3987,3296,OWNER
3988,3297,OWNER
3989,3297,DISPONENT
3990,3298,OWNER
3991,3299,OWNER
3992,3300,OWNER
3993,3301,OWNER
3994,3302,OWNER
3995,3303,OWNER
3996,3304,OWNER
3997,3305,OWNER
3998,3306,OWNER
3999,3307,OWNER
4000,3308,OWNER
4001,3309,OWNER
4002,3310,OWNER
4003,3311,OWNER
4004,3312,OWNER
4006,3314,OWNER
4007,3315,OWNER
4008,3315,DISPONENT
4009,3316,OWNER
4010,3317,OWNER
4011,3318,OWNER
4012,3319,OWNER
4013,3320,OWNER
4014,3321,OWNER
4015,3322,OWNER
4016,3323,OWNER
4017,3323,DISPONENT
4018,3324,OWNER
4019,3325,OWNER
4020,3326,OWNER
4021,3327,OWNER
4022,3328,OWNER
4023,3328,DISPONENT
4024,3329,OWNER
4025,3329,DISPONENT
4026,3330,OWNER
4027,3331,OWNER
4028,3331,DISPONENT
4029,3332,OWNER
4030,3333,OWNER
4031,3334,OWNER
4032,3335,OWNER
4033,3336,OWNER
4034,3337,OWNER
4035,3337,DISPONENT
4036,3338,OWNER
4037,3339,OWNER
4040,3342,OWNER
4041,3342,DISPONENT
4042,3343,OWNER
4043,3344,OWNER
4044,3345,OWNER
4046,3346,OWNER
4047,3346,DISPONENT
4048,3347,OWNER
4049,3348,OWNER
4050,3349,OWNER
4051,3350,OWNER
4052,3350,DISPONENT
4053,3351,OWNER
4054,3352,OWNER
4055,3353,OWNER
4056,3354,OWNER
4057,3355,OWNER
4059,3357,OWNER
4060,3358,OWNER
4061,3359,OWNER
4062,3360,OWNER
4063,3361,OWNER
4064,3361,DISPONENT
4065,3362,OWNER
4066,3363,OWNER
4067,3364,OWNER
4068,3365,OWNER
4069,3366,OWNER
4070,3366,DISPONENT
4071,3367,OWNER
4072,3367,DISPONENT
4073,3368,OWNER
4074,3368,DISPONENT
4075,3369,OWNER
4076,3370,OWNER
4077,3371,OWNER
4078,3372,OWNER
4079,3373,OWNER
4080,3374,OWNER
4081,3375,OWNER
4082,3376,OWNER
4083,3377,OWNER
4084,3378,OWNER
4085,3378,DISPONENT
4086,3379,OWNER
4087,3380,OWNER
4088,3381,OWNER
4089,3381,DISPONENT
4090,3382,OWNER
4091,3383,OWNER
4092,3384,OWNER
4093,3385,OWNER
4094,3386,OWNER
4095,3387,OWNER
4096,3387,DISPONENT
4098,3389,OWNER
4099,3390,OWNER
4100,3391,OWNER
4101,3392,OWNER
4102,3393,OWNER
4103,3393,DISPONENT
4104,3394,OWNER
4105,3395,OWNER
4106,3396,OWNER
4107,3397,OWNER
4108,3398,OWNER
4109,3399,OWNER
4112,3401,OWNER
4113,3402,OWNER
4114,3403,OWNER
4115,3404,OWNER
4116,3405,OWNER
4117,3406,OWNER
4118,3407,OWNER
4119,3408,OWNER
4120,3408,DISPONENT
4121,3409,OWNER
4122,3410,OWNER
4123,3410,DISPONENT
4124,3411,OWNER
4125,3412,OWNER
4126,3413,OWNER
4127,3413,DISPONENT
4129,3415,OWNER
4131,3417,OWNER
4132,3418,OWNER
4133,3418,DISPONENT
4134,3419,OWNER
4136,3421,OWNER
4137,3422,OWNER
4138,3423,OWNER
4139,3424,OWNER
4140,3425,OWNER
4141,3426,OWNER
4142,3427,OWNER
4143,3428,OWNER
4144,3428,DISPONENT
4145,3429,OWNER
4146,3430,OWNER
4147,3431,OWNER
4148,3431,DISPONENT
4149,3432,OWNER
4150,3432,DISPONENT
4151,3433,OWNER
4152,3433,DISPONENT
4153,3434,OWNER
4154,3434,DISPONENT
4155,3435,OWNER
4156,3436,OWNER
4157,3437,OWNER
4158,3438,OWNER
4159,3438,DISPONENT
4160,3439,OWNER
4161,3440,OWNER
4163,3442,OWNER
4164,3443,OWNER
4165,3444,OWNER
4166,3445,OWNER
4167,3446,OWNER
4169,3448,OWNER
4170,3448,DISPONENT
4171,3449,OWNER
4172,3450,OWNER
4173,3451,OWNER
4174,3452,OWNER
4175,3453,OWNER
4176,3454,OWNER
4177,3455,OWNER
4178,3456,OWNER
4179,3457,OWNER
4180,3458,OWNER
4181,3459,OWNER
4182,3460,OWNER
4183,3460,DISPONENT
4184,3461,OWNER
4185,3462,OWNER
4186,3463,OWNER
4187,3464,OWNER
4188,3465,OWNER
4189,3466,OWNER
4190,3467,OWNER
4191,3468,OWNER
4192,3469,OWNER
4193,3470,OWNER
4194,3471,OWNER
4195,3471,DISPONENT
4196,3472,OWNER
4198,3474,OWNER
4199,3474,DISPONENT
4201,3476,OWNER
4202,3476,DISPONENT
4203,3477,OWNER
4204,3477,DISPONENT
4205,3478,OWNER
4206,3479,OWNER
4207,3480,OWNER
4209,3482,OWNER
4210,3483,OWNER
4211,3484,OWNER
4212,3485,OWNER
4213,3486,OWNER
4214,3486,DISPONENT
4215,3487,OWNER
4217,3489,OWNER
4218,3490,OWNER
4219,3491,OWNER
4220,3492,OWNER
4221,3493,OWNER
4222,3494,OWNER
4223,3495,OWNER
4224,3496,OWNER
4225,3497,OWNER
4226,3498,OWNER
4227,3499,OWNER
4229,3501,OWNER
4230,3502,OWNER
4231,3503,OWNER
4232,3504,OWNER
4233,3505,OWNER
4234,3506,OWNER
4235,3507,OWNER
4236,3508,OWNER
4237,3509,OWNER
4238,3510,OWNER
4239,3511,OWNER
4240,3512,OWNER
4241,3513,OWNER
4242,3513,DISPONENT
4243,3514,OWNER
4244,3515,OWNER
4245,3515,DISPONENT
4246,3516,OWNER
4247,3517,OWNER
4248,3518,OWNER
4249,3519,OWNER
4250,3520,OWNER
4251,3521,OWNER
4252,3521,DISPONENT
4253,3522,OWNER
4254,3523,OWNER
4255,3524,OWNER
4256,3525,OWNER
4257,3526,OWNER
4258,3527,OWNER
4259,3528,OWNER
4260,3529,OWNER
4261,3530,OWNER
4262,3531,OWNER
4263,3532,OWNER
4264,3533,OWNER
4265,3534,OWNER
4266,3535,OWNER
4267,3536,OWNER
4268,3536,DISPONENT
4269,3537,OWNER
4270,3538,OWNER
4271,3538,DISPONENT
4272,3539,OWNER
4273,3540,OWNER
4274,3541,OWNER
4275,3542,OWNER
4276,3543,OWNER
4277,3543,DISPONENT
4278,3544,OWNER
4279,3545,OWNER
4280,3546,OWNER
4281,3547,OWNER
4282,3548,OWNER
4283,3549,OWNER
4284,3550,OWNER
4285,3550,DISPONENT
4286,3551,OWNER
4287,3552,OWNER
4288,3553,OWNER
4289,3554,OWNER
4290,3555,OWNER
4291,3556,OWNER
4292,3557,OWNER
4293,3558,OWNER
4294,3558,DISPONENT
4295,3559,OWNER
4296,3560,OWNER
4297,3560,DISPONENT
4298,3561,OWNER
4299,3562,OWNER
4300,3563,OWNER
4301,3564,OWNER
4302,3565,OWNER
4303,3566,OWNER
4304,3567,OWNER
4305,3568,OWNER
4306,3568,DISPONENT
4307,3569,OWNER
4308,3570,OWNER
4309,3571,OWNER
4310,3572,OWNER
4311,3573,OWNER
4312,3574,OWNER
4313,3575,OWNER
4314,3576,OWNER
4315,3577,OWNER
4316,3578,OWNER
4317,3579,OWNER
4318,3580,OWNER
4319,3580,DISPONENT
4320,3581,OWNER
4321,3582,OWNER
4322,3582,DISPONENT
4323,3583,OWNER
4324,3583,DISPONENT
4325,3584,OWNER
4326,3585,OWNER
4327,3585,DISPONENT
4328,3586,OWNER
4329,3587,OWNER
4330,3588,OWNER
4331,3589,OWNER
4332,3590,OWNER
4333,3591,OWNER
4334,3591,DISPONENT
4335,3592,OWNER
4336,3593,OWNER
4337,3594,OWNER
4338,3595,OWNER
4339,3596,OWNER
4340,3597,OWNER
4341,3598,OWNER
4342,3599,OWNER
4343,3600,OWNER
4344,3601,OWNER
4345,3602,OWNER
4346,3603,OWNER
4347,3604,OWNER
4348,3605,OWNER
4349,3606,OWNER
4350,3606,DISPONENT
4352,3608,OWNER
4353,3609,OWNER
4354,3609,DISPONENT
4355,3610,OWNER
4358,3612,OWNER
4359,3613,OWNER
4360,3614,OWNER
4361,3615,OWNER
4362,3616,OWNER
4363,3616,DISPONENT
4364,3617,OWNER
4365,3618,OWNER
4367,3620,OWNER
4368,3621,OWNER
4369,3622,OWNER
4370,3623,OWNER
4371,3624,OWNER
4372,3625,OWNER
4373,3626,OWNER
4376,3628,OWNER
4377,3629,OWNER
4380,3631,OWNER
4381,3632,OWNER
4382,3633,OWNER
4383,3634,OWNER
4384,3635,OWNER
4385,3636,OWNER
4386,3637,OWNER
4387,3638,OWNER
4388,3639,OWNER
4389,3640,OWNER
4390,3641,OWNER
4393,3643,OWNER
4394,3644,OWNER
4395,3645,OWNER
4396,3646,OWNER
4397,3646,DISPONENT
4398,3647,OWNER
4399,3648,OWNER
4400,3649,OWNER
4401,3650,OWNER
4402,3651,OWNER
4403,3652,OWNER
4404,3653,OWNER
4405,3654,OWNER
4406,3655,OWNER
4407,3656,OWNER
4408,3657,OWNER
4409,3657,DISPONENT
4410,3658,OWNER
4411,3659,OWNER
4412,3659,DISPONENT
4413,3660,OWNER
4414,3661,OWNER
4415,3662,OWNER
4416,3663,OWNER
4417,3664,OWNER
4418,3665,OWNER
4420,3667,OWNER
4421,3668,OWNER
4422,3669,OWNER
4423,3670,OWNER
4424,3671,OWNER
4425,3671,DISPONENT
4426,3672,OWNER
4427,3673,OWNER
4428,3674,OWNER
4429,3675,OWNER
4430,3675,DISPONENT
4431,3676,OWNER
4432,3677,OWNER
4433,3678,OWNER
4434,3679,OWNER
4435,3679,DISPONENT
4436,3680,OWNER
4437,3681,OWNER
4438,3681,DISPONENT
4439,3682,OWNER
4440,3683,OWNER
4441,3683,DISPONENT
4442,3684,OWNER
4444,3686,OWNER
4445,3686,DISPONENT
4446,3687,OWNER
4447,3687,DISPONENT
4448,3688,OWNER
4449,3689,OWNER
4450,3690,OWNER
4451,3691,OWNER
4452,3692,OWNER
4453,3693,OWNER
4454,3693,DISPONENT
4455,3694,OWNER
4456,3695,OWNER
4457,3696,OWNER
4458,3697,OWNER
4459,3698,OWNER
4460,3698,DISPONENT
4461,3699,OWNER
4462,3700,OWNER
4463,3701,OWNER
4464,3702,OWNER
4465,3703,OWNER
4466,3704,OWNER
4467,3705,OWNER
4468,3705,DISPONENT
4469,3706,OWNER
4471,3708,OWNER
4472,3709,OWNER
4473,3710,OWNER
4474,3711,OWNER
4476,3712,OWNER
4477,3713,OWNER
4478,3713,DISPONENT
4479,3714,OWNER
4480,3715,OWNER
4481,3716,OWNER
4482,3717,OWNER
4483,3718,OWNER
4484,3719,OWNER
4485,3720,OWNER
4486,3720,DISPONENT
4487,3721,OWNER
4488,3721,DISPONENT
4489,3722,OWNER
4490,3722,DISPONENT
4491,3723,OWNER
4492,3724,OWNER
4493,3725,OWNER
4494,3726,OWNER
4495,3727,OWNER
4496,3728,OWNER
4497,3728,DISPONENT
4498,3729,OWNER
4499,3729,DISPONENT
4500,3730,OWNER
4501,3731,OWNER
4502,3732,OWNER
4503,3732,DISPONENT
4504,3733,OWNER
4505,3733,DISPONENT
4506,3734,OWNER
4507,3735,OWNER
4508,3736,OWNER
4509,3736,DISPONENT
4510,3737,OWNER
4511,3738,OWNER
4512,3739,OWNER
4514,3741,OWNER
4515,3742,OWNER
4516,3743,OWNER
4518,3745,OWNER
4519,3746,OWNER
4520,3747,OWNER
4521,3748,OWNER
4522,3749,OWNER
4523,3749,DISPONENT
4524,3750,OWNER
4525,3750,DISPONENT
4526,3751,OWNER
4527,3752,OWNER
4528,3753,OWNER
4529,3754,OWNER
4530,3754,DISPONENT
4531,3755,OWNER
4532,3756,OWNER
4533,3757,OWNER
4534,3758,OWNER
4535,3759,OWNER
4536,3760,OWNER
4539,3763,OWNER
4540,3764,OWNER
4541,3765,OWNER
4542,3766,OWNER
4543,3767,OWNER
4544,3768,OWNER
4545,3769,OWNER
4546,3770,OWNER
4547,3771,OWNER
4548,3772,OWNER
4549,3773,OWNER
4550,3774,OWNER
4551,3775,OWNER
4552,3775,DISPONENT
4553,3776,OWNER
4554,3777,OWNER
4555,3778,OWNER
4556,3779,OWNER
4557,3780,OWNER
4558,3780,DISPONENT
4559,3781,OWNER
4560,3782,OWNER
4561,3783,OWNER
4562,3784,OWNER
4563,3785,OWNER
4564,3785,DISPONENT
4565,3786,OWNER
4567,3787,OWNER
4568,3788,OWNER
4569,3789,OWNER
4570,3790,OWNER
4571,3791,OWNER
4572,3792,OWNER
4573,3793,OWNER
4574,3794,OWNER
4575,3795,OWNER
4576,3796,OWNER
4577,3797,OWNER
4578,3798,OWNER
4579,3799,OWNER
4580,3800,OWNER
4581,3801,OWNER
4582,3802,OWNER
4583,3803,OWNER
4584,3804,OWNER
4585,3805,OWNER
4586,3805,DISPONENT
4587,3806,OWNER
4588,3807,OWNER
4589,3808,OWNER
4590,3809,OWNER
4591,3810,OWNER
4592,3811,OWNER
4593,3812,OWNER
4594,3813,OWNER
4595,3813,DISPONENT
4596,3814,OWNER
4597,3815,OWNER
4598,3816,OWNER
4599,3816,DISPONENT
4600,3817,OWNER
4601,3818,OWNER
4602,3818,DISPONENT
4603,3819,OWNER
4604,3820,OWNER
4605,3821,OWNER
4606,3822,OWNER
4607,3823,OWNER
4608,3824,OWNER
4609,3825,OWNER
4610,3826,OWNER
4611,3827,OWNER
4612,3828,OWNER
4615,3830,OWNER
4617,3832,OWNER
4618,3832,DISPONENT
4619,3833,OWNER
4620,3834,OWNER
4621,3834,DISPONENT
4622,3835,OWNER
4623,3836,OWNER
4624,3837,OWNER
4625,3837,DISPONENT
4626,3838,OWNER
4627,3839,OWNER
4628,3839,DISPONENT
4629,3840,OWNER
4630,3840,DISPONENT
4631,3841,OWNER
4632,3842,OWNER
4633,3843,OWNER
4634,3844,OWNER
4635,3844,DISPONENT
4636,3845,OWNER
4637,3846,OWNER
4638,3847,OWNER
4639,3848,OWNER
4640,3849,OWNER
4641,3850,OWNER
4642,3850,DISPONENT
4643,3851,OWNER
4644,3852,OWNER
4647,3854,OWNER
4648,3855,OWNER
4649,3856,OWNER
4650,3857,OWNER
4651,3858,OWNER
4652,3859,OWNER
4653,3860,OWNER
4654,3861,OWNER
4655,3861,DISPONENT
4656,3862,OWNER
4657,3863,OWNER
4658,3864,OWNER
4659,3865,OWNER
4660,3866,OWNER
4661,3867,OWNER
4662,3868,OWNER
4663,3869,OWNER
4664,3870,OWNER
4665,3871,OWNER
4666,3871,DISPONENT
4667,3872,OWNER
4668,3872,DISPONENT
4670,3874,OWNER
4671,3874,DISPONENT
4672,3875,OWNER
4673,3876,OWNER
4674,3877,OWNER
4675,3878,OWNER
4677,3880,OWNER
4678,3881,OWNER
4679,3882,OWNER
4680,3883,OWNER
4681,3884,OWNER
4682,3884,DISPONENT
4683,3885,OWNER
4684,3886,OWNER
4685,3887,OWNER
4686,3888,OWNER
4687,3889,OWNER
4688,3889,DISPONENT
4689,3890,OWNER
4690,3891,OWNER
4691,3891,DISPONENT
4692,3892,OWNER
4693,3893,OWNER
4694,3893,DISPONENT
4695,3894,OWNER
4696,3894,DISPONENT
4697,3895,OWNER
4698,3896,OWNER
4699,3897,OWNER
4700,3898,OWNER
4701,3899,OWNER
4704,3901,OWNER
4705,3902,OWNER
4706,3903,OWNER
4707,3903,DISPONENT
4708,3904,OWNER
4709,3905,OWNER
4710,3906,OWNER
4711,3906,DISPONENT
4712,3907,OWNER
4713,3908,OWNER
4714,3908,DISPONENT
4715,3909,OWNER
4716,3910,OWNER
4717,3911,OWNER
4718,3912,OWNER
4719,3913,OWNER
4720,3914,OWNER
4721,3915,OWNER
4722,3916,OWNER
4723,3917,OWNER
4724,3918,OWNER
4725,3919,OWNER
4726,3919,DISPONENT
4727,3920,OWNER
4728,3920,DISPONENT
4729,3921,OWNER
4730,3922,OWNER
4731,3923,OWNER
4732,3924,OWNER
4733,3925,OWNER
4734,3926,OWNER
4735,3926,DISPONENT
4736,3927,OWNER
4737,3928,OWNER
4739,3930,OWNER
4740,3931,OWNER
4741,3932,OWNER
4742,3933,OWNER
4743,3933,DISPONENT
4744,3934,OWNER
4745,3935,OWNER
4746,3936,OWNER
4747,3937,OWNER
4748,3937,DISPONENT
4749,3938,OWNER
4750,3939,OWNER
4751,3940,OWNER
4752,3941,OWNER
4753,3941,DISPONENT
4754,3942,OWNER
4755,3943,OWNER
4756,3944,OWNER
4757,3944,DISPONENT
4758,3945,OWNER
4759,3945,DISPONENT
4760,3946,OWNER
4761,3946,DISPONENT
4762,3947,OWNER
4763,3948,OWNER
4764,3949,OWNER
4765,3950,OWNER
4766,3951,OWNER
4767,3952,OWNER
4768,3953,OWNER
4769,3954,OWNER
4770,3954,DISPONENT
4771,3955,OWNER
4772,3956,OWNER
4773,3957,OWNER
4774,3958,OWNER
4775,3958,DISPONENT
4776,3959,OWNER
4777,3960,OWNER
4778,3960,DISPONENT
4779,3961,OWNER
4780,3962,OWNER
4781,3963,OWNER
4782,3964,OWNER
4783,3965,OWNER
4784,3966,OWNER
4785,3966,DISPONENT
4786,3967,OWNER
4787,3968,OWNER
4788,3969,OWNER
4789,3970,OWNER
4790,3971,OWNER
4791,3972,OWNER
4792,3973,OWNER
4793,3974,OWNER
4794,3975,OWNER
4795,3976,OWNER
4796,3977,OWNER
4797,3978,OWNER
4798,3979,OWNER
4799,3980,OWNER
4800,3980,DISPONENT
4801,3981,OWNER
4802,3982,OWNER
4803,3983,OWNER
4804,3984,OWNER
4805,3985,OWNER
4806,3986,OWNER
4807,3987,OWNER
4808,3988,OWNER
4809,3989,OWNER
4810,3989,DISPONENT
4811,3990,OWNER
4812,3991,OWNER
4813,3992,OWNER
4814,3993,OWNER
4815,3994,OWNER
4816,3994,DISPONENT
4817,3995,OWNER
4818,3996,OWNER
4819,3997,OWNER
4820,3998,OWNER
4821,3999,OWNER
4822,3999,DISPONENT
4823,4000,OWNER
4824,4001,OWNER
4826,4003,OWNER
4831,4008,OWNER
4832,4009,OWNER
4833,4010,OWNER
4836,4013,OWNER
4837,4014,OWNER
4853,4026,OWNER
4861,4033,OWNER
4862,4034,OWNER
4863,4035,OWNER
4877,4047,OWNER
4882,4052,OWNER
4886,4055,OWNER
4892,4059,OWNER
4901,4066,OWNER
4904,4069,OWNER
4906,4071,OWNER
4907,4071,DISPONENT
4915,4078,OWNER
4916,4079,OWNER
4918,4081,OWNER
4919,4082,OWNER
4923,4086,OWNER
4925,4088,OWNER
4927,4090,OWNER
4928,4091,OWNER
4929,4092,OWNER
4930,4093,OWNER
4937,4099,OWNER
4941,4102,OWNER
4942,4103,OWNER
4944,4105,OWNER
4949,4109,OWNER
4956,4116,OWNER
4959,4119,OWNER
4961,4121,OWNER
4968,4127,OWNER
4969,4128,OWNER
4972,4130,OWNER
4974,4131,OWNER
4975,4131,DISPONENT
4976,4132,OWNER
4979,4134,OWNER
4989,4140,OWNER
4992,4143,OWNER
4993,4144,OWNER
4994,4144,DISPONENT
5002,4150,OWNER
5010,4156,OWNER
5012,4158,OWNER
5013,4159,OWNER
5016,4161,OWNER
5028,4171,OWNER
5030,4173,OWNER
5046,4186,OWNER
5050,4190,OWNER
5056,4195,OWNER
5067,4204,OWNER
5072,4208,OWNER
5081,4214,OWNER
5093,4225,OWNER
5107,4237,OWNER
5108,4237,DISPONENT
5111,4240,OWNER
5117,4245,OWNER
5126,4253,OWNER
5127,4254,OWNER
5128,4255,OWNER
5132,4258,OWNER
5133,4259,OWNER
5134,4260,OWNER
5137,4263,OWNER
5138,4264,OWNER
5141,4266,OWNER
5143,4268,OWNER
5144,4268,DISPONENT
5145,4269,OWNER
5149,4273,OWNER
5152,4276,OWNER
5159,4283,OWNER
5163,4286,OWNER
5164,4287,OWNER
5171,4293,OWNER
5175,4296,OWNER
5180,4301,OWNER
5189,4309,OWNER
5200,4318,OWNER
5201,4318,DISPONENT
5203,4320,OWNER
5204,4321,OWNER
5212,4328,OWNER
5213,4329,OWNER
5214,4330,OWNER
5215,4330,DISPONENT
5217,4332,OWNER
5223,4336,OWNER
5224,4337,OWNER
5232,4342,OWNER
5233,4343,OWNER
5236,4346,OWNER
5237,4347,OWNER
5240,4349,OWNER
5241,4350,OWNER
5243,4352,OWNER
5245,4354,OWNER
5246,4355,OWNER
5247,4356,OWNER
5249,4358,OWNER
5253,4361,OWNER
5254,4361,DISPONENT
5263,4368,OWNER
5273,4375,OWNER
5275,4377,OWNER
5277,4379,OWNER
5281,4383,OWNER
5283,4385,OWNER
5284,4386,OWNER
5287,4389,OWNER
5308,4405,OWNER
5312,4408,OWNER
5313,4408,DISPONENT
5318,4413,OWNER
5319,4413,DISPONENT
5320,4414,OWNER
5321,4414,DISPONENT
5322,4415,OWNER
5323,4416,OWNER
5325,4418,OWNER
5326,4418,DISPONENT
5333,4423,OWNER
5334,4424,OWNER
5337,4427,OWNER
5338,4427,DISPONENT
5347,4434,OWNER
5352,4437,OWNER
5353,4438,OWNER
5354,4439,OWNER
5358,4442,OWNER
5362,4445,OWNER
5364,4447,OWNER
5365,4447,DISPONENT
5366,4448,OWNER
5367,4448,DISPONENT
5374,4454,OWNER
5376,4456,OWNER
5379,4458,OWNER
5384,4462,OWNER
5385,4463,OWNER
5389,4467,OWNER
5392,4470,OWNER
5393,4471,OWNER
5395,4473,OWNER
5397,4475,OWNER
5398,4475,DISPONENT
5399,4476,OWNER
5402,4478,OWNER
5404,4480,OWNER
5409,4484,OWNER
5413,4488,OWNER
5420,4493,OWNER
5433,4503,OWNER
5441,4511,OWNER
5445,4514,OWNER
5450,4519,OWNER
5460,4526,OWNER
5461,4527,OWNER
5462,4527,DISPONENT
5468,4533,OWNER
5469,4534,OWNER
5472,4537,OWNER
5473,4538,OWNER
5478,4543,OWNER
5487,4550,OWNER
5517,4576,OWNER
5521,4580,OWNER
5526,4585,OWNER
5527,4585,DISPONENT
5530,4588,OWNER
5531,4589,OWNER
5539,4596,OWNER
5563,4616,OWNER
5565,4618,OWNER
5574,4626,OWNER
5579,4631,OWNER
5580,4631,DISPONENT
5606,4650,OWNER
5617,4659,OWNER
5618,4660,OWNER
5642,4681,OWNER
5684,4715,OWNER
5699,4725,OWNER
5701,4727,OWNER
5704,4729,OWNER
5722,4743,OWNER
5727,4746,OWNER
5736,4753,OWNER
5753,4768,OWNER
5760,4774,OWNER
5761,4774,DISPONENT
5774,4784,OWNER
5775,4784,DISPONENT
5788,4794,OWNER
5801,4803,OWNER
5826,4825,OWNER
5827,4825,DISPONENT
5858,4851,OWNER
5859,4851,DISPONENT
5860,4852,OWNER
5866,4858,OWNER
5873,4863,OWNER
5911,4894,OWNER
5928,4907,OWNER
5965,4937,OWNER
5977,4948,OWNER
5978,4949,OWNER
6001,4969,OWNER
6015,4981,OWNER
6033,4994,OWNER
6034,4995,OWNER
6039,4999,OWNER
6040,4999,DISPONENT
6042,5001,OWNER
6052,5011,OWNER
6067,5024,OWNER
6077,5033,OWNER
6112,5063,OWNER
6114,5065,OWNER
6115,5066,OWNER
6122,5072,OWNER
6144,5092,OWNER
6175,5118,OWNER
6178,5120,OWNER
6183,5125,OWNER
6185,5126,OWNER
6186,5126,DISPONENT
6191,5129,OWNER
6196,5133,OWNER
6235,5164,OWNER
6255,5180,OWNER
6256,5180,DISPONENT
6257,5181,OWNER
6272,5194,OWNER
6275,5196,OWNER
6299,5213,OWNER
6301,5215,OWNER
6317,5228,OWNER
6318,5228,DISPONENT
6342,5250,OWNER
6349,5256,OWNER
6359,5263,OWNER
6363,5267,OWNER
6366,5269,OWNER
6367,5270,OWNER
6383,5283,OWNER
6391,5290,OWNER
6408,5305,OWNER
6417,5313,OWNER
6422,5317,OWNER
6452,5343,OWNER
6468,5357,OWNER
6469,5358,OWNER
6473,5362,OWNER
6474,5362,DISPONENT
6478,5366,OWNER
6481,5369,OWNER
6485,5372,OWNER
6499,5385,OWNER
6501,5387,OWNER
6511,5395,OWNER
6544,5422,OWNER
6545,5422,DISPONENT
6546,5423,OWNER
6551,5428,OWNER
6552,5429,OWNER
6567,5442,OWNER
6571,5445,OWNER
6604,5472,OWNER
6610,5477,OWNER
6616,5481,OWNER
6619,5483,OWNER
6644,5505,OWNER
6691,5541,OWNER
6698,5546,OWNER
6729,5572,OWNER
6731,5574,OWNER
6749,5591,OWNER
6750,5591,DISPONENT
6753,5593,OWNER
6764,5602,OWNER
6789,5622,OWNER
6798,5628,OWNER
6803,5632,OWNER
6804,5632,DISPONENT
6827,5648,OWNER
6829,5650,OWNER
6844,5661,OWNER
6886,5692,OWNER
6892,5698,OWNER
6893,5698,DISPONENT
6895,5700,OWNER
6906,5708,OWNER
6922,5724,OWNER
6924,5726,OWNER
6936,5735,OWNER
6944,5740,OWNER
6946,5742,OWNER
6967,5758,OWNER
6978,5767,OWNER
6987,5774,OWNER
7010,5794,OWNER
7011,5794,DISPONENT
7043,5817,OWNER
7065,5837,OWNER
7100,5868,OWNER
7102,5870,OWNER
7112,5878,OWNER
7127,5891,OWNER
7150,5912,OWNER
7166,5927,OWNER
7186,5944,OWNER
7195,5952,OWNER
7234,5984,OWNER
7241,5991,OWNER
7286,6030,OWNER
7291,6034,OWNER
7299,6040,OWNER
7311,6051,OWNER
7324,6061,OWNER
7325,6062,OWNER
7327,6064,OWNER
7339,6075,OWNER
7348,6083,OWNER
7366,6097,OWNER
7390,6118,OWNER
7411,6138,OWNER
7412,6138,DISPONENT
7422,6148,OWNER
7423,6148,DISPONENT
7434,6157,OWNER
7435,6158,OWNER
7521,6226,OWNER
7567,6265,OWNER
7576,6273,OWNER
7586,6281,OWNER
7594,6289,OWNER
7614,6306,OWNER
7632,6321,OWNER
7672,6353,OWNER
7678,6358,OWNER
7683,6363,OWNER
7723,6397,OWNER
7724,6397,DISPONENT
7727,6400,OWNER
7753,6425,OWNER
7765,6434,OWNER
7772,6440,OWNER
7787,6453,OWNER
7796,6461,OWNER
7797,6461,DISPONENT
7800,6463,OWNER
7814,6472,OWNER
7815,6473,OWNER
7843,6495,OWNER
7855,6505,OWNER
7862,6510,OWNER
7863,6511,OWNER
7864,6512,OWNER
7914,6555,OWNER
7959,6592,OWNER
7970,6602,OWNER
7980,6609,OWNER
8013,6636,OWNER
8030,6649,OWNER
8064,6678,OWNER
8074,6686,OWNER
8076,6688,OWNER
8089,6699,OWNER
8091,6701,OWNER
8096,6706,OWNER
8105,6715,OWNER
8130,6738,OWNER
8200,6792,OWNER
8217,6806,OWNER
8276,6856,OWNER
8287,6866,OWNER
8295,6872,OWNER
8327,6897,OWNER
8333,6902,OWNER
8342,6910,OWNER
8356,6922,OWNER
8359,6924,OWNER
8362,6927,OWNER
8366,6930,OWNER
8392,6950,OWNER
8393,6950,DISPONENT
8432,6985,OWNER
8433,6985,DISPONENT
8463,7011,OWNER
8489,7033,OWNER
8502,7045,OWNER
8506,7049,OWNER
8510,7052,OWNER
8548,7082,OWNER
8568,7099,OWNER
8571,7101,OWNER
8598,7123,OWNER
8610,7133,OWNER
8611,7133,DISPONENT
8615,7136,OWNER
8636,7156,OWNER
8661,7176,OWNER
8666,7180,OWNER
8667,7181,OWNER
8670,7184,OWNER
8677,7190,OWNER
8678,7190,DISPONENT
8692,7203,OWNER
8726,7231,OWNER
8737,7240,OWNER
8738,7240,DISPONENT
8764,7262,OWNER
8777,7274,OWNER
9173,7401,OWNER
9174,7401,DISPONENT
9196,7418,OWNER
9202,7424,OWNER
9217,7437,OWNER
9226,7445,OWNER
9231,7449,OWNER
9236,7454,OWNER
9250,7465,OWNER
9273,7485,OWNER
9274,7485,DISPONENT
9276,7487,OWNER
9313,7520,OWNER
9316,7523,OWNER
9340,7542,OWNER
9346,7546,OWNER
9362,7559,OWNER
9366,7562,OWNER
9370,7565,OWNER
9403,7594,OWNER
9417,7606,OWNER
9418,7607,OWNER
9419,7607,DISPONENT
9427,7614,OWNER
9428,7614,DISPONENT
9433,7618,OWNER
9450,7632,OWNER
9451,7632,DISPONENT
9456,7636,OWNER
9457,7637,OWNER
9458,7637,DISPONENT
9505,7674,OWNER
9546,7713,OWNER
9555,7721,OWNER
9569,7733,OWNER
9582,7745,OWNER
9593,7753,OWNER
9606,7765,OWNER
9611,7769,OWNER
9616,7774,OWNER
9641,7795,OWNER
9642,7795,DISPONENT
9663,7815,OWNER
9664,7815,DISPONENT
9670,7819,OWNER
9675,7824,OWNER
9680,7828,OWNER
9702,7844,OWNER
9715,7857,OWNER
9717,7859,OWNER
9718,7859,DISPONENT
9721,7861,OWNER
9755,7890,OWNER
9760,7894,OWNER
9775,7907,OWNER
9776,7907,DISPONENT
9798,7926,OWNER
9820,7944,OWNER
9833,7957,OWNER
9834,7957,DISPONENT
9844,7965,OWNER
9845,7965,DISPONENT
9846,7966,OWNER
9872,7990,OWNER
9880,7997,OWNER
9914,8026,OWNER
9915,8027,OWNER
9929,8038,OWNER
9930,8039,OWNER
9933,8041,OWNER
9945,8051,OWNER
9946,8051,DISPONENT
9973,8073,OWNER
9987,8085,OWNER
9995,8092,OWNER
9997,8094,OWNER
10023,8114,OWNER
10040,8127,OWNER
10041,8127,DISPONENT
10043,8129,OWNER
10046,8132,OWNER
10066,8149,OWNER
10070,8153,OWNER
10075,8158,OWNER
10076,8159,OWNER
10077,8159,DISPONENT
10090,8169,OWNER
10095,8173,OWNER
10096,8173,DISPONENT
10145,8212,OWNER
10159,8225,OWNER
10198,8260,OWNER
10199,8260,DISPONENT
10200,8261,OWNER
10201,8261,DISPONENT
10209,8268,OWNER
10269,8316,OWNER
10273,8320,OWNER
10274,8320,DISPONENT
10275,8321,OWNER
10276,8321,DISPONENT
10282,8327,OWNER
10287,8330,OWNER
10288,8330,DISPONENT
10303,8341,OWNER
10350,8377,OWNER
10351,8377,DISPONENT
10355,8381,OWNER
10382,8405,OWNER
10389,8411,OWNER
10459,8475,OWNER
10475,8489,OWNER
10476,8489,DISPONENT
10479,8492,OWNER
10492,8505,OWNER
10510,8519,OWNER
10511,8519,DISPONENT
10517,8523,OWNER
10528,8533,OWNER
10543,8547,OWNER
10555,8558,OWNER
10563,8564,OWNER
10564,8564,DISPONENT
10566,8566,OWNER
10636,8625,OWNER
10639,8628,OWNER
10654,8639,OWNER
10662,8645,OWNER
10702,8680,OWNER
10703,8680,DISPONENT
10714,8688,OWNER
10746,8713,OWNER
10777,8742,OWNER
10778,8742,DISPONENT
10798,8759,OWNER
10813,8772,OWNER
10818,8776,OWNER
10828,8784,OWNER
10912,8856,OWNER
10960,8896,OWNER
10963,8899,OWNER
10987,8919,OWNER
10988,8919,DISPONENT
10997,8926,OWNER
10998,8926,DISPONENT
11004,8931,OWNER
11008,8934,OWNER
11034,8957,OWNER
11050,8972,OWNER
11063,8982,OWNER
11064,8982,DISPONENT
11083,8998,OWNER
11093,9006,OWNER
11105,9017,OWNER
11114,9024,OWNER
11121,9030,OWNER
11122,9030,DISPONENT
11123,9031,OWNER
11126,9034,OWNER
11130,9037,OWNER
11131,9037,DISPONENT
11136,9041,OWNER
11147,9051,OWNER
11149,9052,OWNER
11195,9093,OWNER
11208,9104,OWNER
11250,9138,OWNER
11252,9140,OWNER
11266,9153,OWNER
11267,9153,DISPONENT
11271,9156,OWNER
11274,9159,OWNER
11275,9159,DISPONENT
11286,9167,OWNER
11304,9179,OWNER
11314,9188,OWNER
11319,9192,OWNER
11327,9199,OWNER
11329,9201,OWNER
11331,9203,OWNER
11337,9208,OWNER
11359,9225,OWNER
11360,9225,DISPONENT
11362,9227,OWNER
11371,9235,OWNER
11372,9236,OWNER
11379,9241,OWNER
11380,9241,DISPONENT
11381,9242,OWNER
11405,9263,OWNER
11406,9263,DISPONENT
11409,9265,OWNER
11461,9307,OWNER
11491,9333,OWNER
11497,9337,OWNER
11516,9353,OWNER
11517,9353,DISPONENT
11545,9377,OWNER
11574,9403,OWNER
11596,9422,OWNER
11598,9424,OWNER
11609,9433,OWNER
11637,9455,OWNER
11638,9455,DISPONENT
11662,9472,OWNER
11676,9484,OWNER
11683,9491,OWNER
11685,9493,OWNER
11686,9494,OWNER
11687,9494,DISPONENT
11701,9504,OWNER
11709,9510,OWNER
11710,9510,DISPONENT
11713,9513,OWNER
11714,9513,DISPONENT
11732,9528,OWNER
11754,9548,OWNER
11755,9549,OWNER
11768,9560,OWNER
11794,9583,OWNER
11795,9583,DISPONENT
11804,9591,OWNER
11851,9627,OWNER
11855,9631,OWNER
11857,9633,OWNER
11860,9635,OWNER
11866,9640,OWNER
11867,9640,DISPONENT
11873,9645,OWNER
11874,9646,OWNER
11875,9646,DISPONENT
11886,9656,OWNER
11906,9673,OWNER
11907,9673,DISPONENT
11911,9677,OWNER
11943,9703,OWNER
11947,9707,OWNER
11976,9730,OWNER
11977,9730,DISPONENT
11978,9731,OWNER
11979,9731,DISPONENT
12003,9750,OWNER
12050,9790,OWNER
12051,9790,DISPONENT
12079,9814,OWNER
12092,9826,OWNER
12095,9828,OWNER
12102,9833,OWNER
12133,9859,OWNER
12144,9869,OWNER
12145,9869,DISPONENT
12163,9883,OWNER
12181,9897,OWNER
12220,9928,OWNER
12221,9928,DISPONENT
12303,10001,OWNER
12308,10005,OWNER
12324,10018,OWNER
12325,10019,OWNER
12328,10022,OWNER
12344,10036,OWNER
12358,10049,OWNER
12359,10049,DISPONENT
12376,10063,OWNER
12378,10065,OWNER
12382,10068,OWNER
12383,10068,DISPONENT
12396,10079,OWNER
12397,10079,DISPONENT
12416,10093,OWNER
12417,10093,DISPONENT
12432,10105,OWNER
12464,10131,OWNER
12468,10134,OWNER
12485,10148,OWNER
12490,10152,OWNER
12547,10202,OWNER
12561,10215,OWNER
12568,10220,OWNER
12577,10227,OWNER
12586,10233,OWNER
12599,10243,OWNER
12616,10257,OWNER
12625,10266,OWNER
12643,10280,OWNER
12662,10297,OWNER
12695,10320,OWNER
12726,10343,OWNER
12729,10345,OWNER
12730,10345,DISPONENT
12738,10351,OWNER
12739,10351,DISPONENT
12750,10361,OWNER
12754,10364,OWNER
12755,10364,DISPONENT
12756,10365,OWNER
12802,10404,OWNER
12810,10411,OWNER
12840,10436,OWNER
12843,10439,OWNER
12844,10440,OWNER
12850,10445,OWNER
12851,10445,DISPONENT
12859,10451,OWNER
12890,10478,OWNER
12908,10493,OWNER
12943,10520,OWNER
12986,10558,OWNER
12991,10562,OWNER
13044,10607,OWNER
13051,10613,OWNER
13071,10630,OWNER
13089,10644,OWNER
13090,10645,OWNER
13095,10650,OWNER
13098,10652,OWNER
13102,10656,OWNER
13113,10663,OWNER
13123,10670,OWNER
13134,10679,OWNER
13151,10694,OWNER
13171,10710,OWNER
13172,10711,OWNER
13190,10728,OWNER
13201,10738,OWNER
13231,10762,OWNER
13246,10774,OWNER
13260,10788,OWNER
13261,10789,OWNER
13262,10789,DISPONENT
13276,10799,OWNER
13285,10807,OWNER
13290,10812,OWNER
13291,10812,DISPONENT
13346,10857,OWNER
13380,10884,OWNER
13404,10904,OWNER
13405,10905,OWNER
13406,10906,OWNER
13412,10911,OWNER
13417,10915,OWNER
13447,10940,OWNER
13448,10940,DISPONENT
13451,10942,OWNER
13468,10954,OWNER
13469,10954,DISPONENT
13480,10963,OWNER
13490,10973,OWNER
13539,11013,OWNER
13548,11021,OWNER
13556,11027,OWNER
13576,11042,OWNER
13588,11053,OWNER
13590,11054,OWNER
13603,11065,OWNER
13608,11069,OWNER
13620,11079,OWNER
13640,11096,OWNER
13657,11111,OWNER
13658,11111,DISPONENT
13673,11123,OWNER
13687,11135,OWNER
13690,11138,OWNER
13694,11141,OWNER
13750,11186,OWNER
13751,11186,DISPONENT
13803,11231,OWNER
13820,11244,OWNER
13845,11265,OWNER
13852,11271,OWNER
13886,11295,OWNER
13912,11317,OWNER
13915,11320,OWNER
13921,11325,OWNER
13923,11327,OWNER
13924,11328,OWNER
13931,11333,OWNER
13955,11349,OWNER
13956,11349,DISPONENT
13968,11359,OWNER
13971,11362,OWNER
13998,11382,OWNER
